groupId,label,count,category,subcategory,confidence,homogeneity,reviewSampleSize,riskFlags,examples,outliers
active_neighbor|clamps|active-neighbor-100|dvigatel-i-transmissiya|vyhlopnaya-sistema,Похожие активные товары,26,dvigatel-i-transmissiya,vyhlopnaya-sistema,0.94,1,12,,"ИН-00307 107 219 685 Хомут 54,5мм | ИН-00310 107 222 685 Хомут 59, 5 мм | ИН-00306 102 754 685 Хомут 54,5 мм | ИН-00308 107 220 685 Хомут 59,5мм | ИН-00309 107 221 685 Хомут 49,5 мм | КГ-00821 Хомут гл. (стремянка) 58 мм ""Bosal"" | КГ-00854 Хомут силовой 68-73 мм (25 мм) HD-18 | КГ-00897 Хомут силовой 51-55 мм (20мм) (Т) HD-14 T",
wiper|other|стеклооч|aksessuary|prochie-aksessuary,Стеклоочистители,25,aksessuary,prochie-aksessuary,0.912,1,12,,"ЗЧМ-00138 Мотор стеклоочистителя 2141 | ЗЧМ-00611 Мотор стеклоочистителя 2140-412 | ИН-00214 Трапеция стеклоочистителя Дэу-Нексиа | А-00350 Лента стеклоочистителя ХОРС 54см | А-00532 Лента стеклоочистителя ХОРС 36см | А-00879 Лента стеклоочистителя ""Хорс"" 61 см | А-01342 Лента стеклоочистителя ""Хорс"" 51, 61 см | А-01994 Лента щёток стеклоочист. в блистере 71 см, к-т 2 шт, профиль ""БОШ""",
exhaust|other|гофра|dvigatel-i-transmissiya|vyhlopnaya-sistema,Выхлопная система,24,dvigatel-i-transmissiya,vyhlopnaya-sistema,0.89,1,12,,Г-00155 Гофра ф22 | Г-00255 Гофра ремонтная | Г-00414 Гофра 40х330 | Г-00509 Гофра ф38 | Г-00554 Гофра 60*100 3х-слойн.серии 311.InterLock | Г-00555 Гофра 60*150 3х-слойн.серии 311.InterLock | Г-00556 Гофра 60*200 3х-слойн.серии 311.InterLock | Г-00557 Гофра 60*250 3х-слойн.серии 311.InterLock,
active_neighbor|fittings|active-neighbor-100|tormoznaya-sistema|prochaya-tormoznaya-sistema,Похожие активные товары,21,tormoznaya-sistema,prochaya-tormoznaya-sistema,0.94,1,12,,КГ-00647 Быстросъем для пневм. трубок Ф6 | КГ-00412 Соединитель трубок ПВХ М8/м10/м12 | КГ-00563 Фитинг соединитель прям. Ф-15 мм | КГ-00564 Фитинг соединитель прям. Ф-16 мм | КГ-00871 Фитинг латунь ЕВРО 12х8 прямой | КГ-00872 Фитинг 12х6 прямой ЕВРО латунь | КГ-00873 Фитинг 16х6 прямой ЕВРО латунь | КГ-00874 Фитинг 16х12 прямой ЕВРО латунь,
electrical_misc|other|компьютер|elektrika|prochaya-elektrika,Прочая электрика,19,elektrika,prochaya-elektrika,0.85,1,8,,"А-00161 Компьютер ""Штат"" 2110 (голосовой) | А-00585 Компьютер 2115 (говорящий) | А-00759 Компьютер 2115 | А-01051 Компьютер ШТАТ н/о 2107 | А-01283 Борт. компьютер ""Мультитроник"" Х 2110 | А-00205 Компьютер маршрутный 2110 ""Штат"" мультидис | А-00283 Компьютер ""Штат"" 5К-21 Нива | А-00308 Компьютер ""Штат Х1"" 2110,Самара-2, Калина,",
misc_accessories|other|пленка|aksessuary|prochie-aksessuary,Прочие аксессуары,18,aksessuary,prochie-aksessuary,0.85,1,8,,"А-00401 Пленка тонирующая с переходом | А-01574 MTF Пленка PREMIUM 0,5м | А-01575 MTF Пленка PREMIUM 0,75м | А-02109 Плёнка тонирров. MTF 1мх3м | А-02137 TOR Маскировочная пленка 1100ммх33мм с клеящей лентой (стат. эффект) | А-00010 Плёнка с переходом 75 см | А-00097 Плёнка тонирующая | А-00277 Пленка тонирующая 5%, 0,5 м MTF (Корея)",
washer_reservoir|other|бачок-омывателя|kuzov-i-optika|kuzovnye-detali,Бачки омывателя,17,kuzov-i-optika,kuzovnye-detali,0.912,1,8,,"ДВ-00129 Бачок омывателя 2101-07 | ДВ-00226 Бачок омывателя двойной пустой ВАЗ | А-00663 Бачок омывателя зад. Нива, 2104, Ока | ДВ-00059 Бачок омывателя 2101 (пустой) | ДВ-00220 Бачок омывателя 2108 | ДВ-00252 Бачок омывателя 21214 | ДВ-00279 Бачок омывателя 21213 | ДВ-00333 Бачок омывателя 2110",
wheel_caps|other|колпаки|aksessuary|shiny-i-diski,Колпаки колес,17,aksessuary,shiny-i-diski,0.9049,1,8,,"А-01083 Колпаки декоративные малые ВАЗ (1 шт) | А-00785 Колпаки хромированные д.15 | А-01052 Колпаки Каррера плюс 13/14 | А-01325 Колпаки Рено д.15,14 (1 шт) | А-00784 Колпаки хромированные д.16 ЛЕМАНС | А-01410 Колпаки ""Леманс"" 13,14 | А-01973 Колпаки МИГ БЕЛЫЙ (Газель) 16(10), 4 шт | А-01013 Колпаки Наскар Золотой 13",
accessory_electronics|other|автомагнитола|aksessuary|prochie-aksessuary,Автоэлектроника и устройства,15,aksessuary,prochie-aksessuary,0.89,1,8,,"А-00694 Автомагнитола AM Eplutus СА310, СА313 | А-01270 Автомагнитола ""УРАЛ"" 280 24V | А-01272 Автомагнитола ""SWAT"" 212 | А-01544 Автомагнитола ""Carlive"" | А-02312 Автомагнитола мультимедиа Factory F-1-10 | А-00443 Автомагнитола МОК-4041 | А-00647 Автомагнитола ""Eplutus"" СА902 | А-01271 Автомагнитола CarLive А6 (10)",
accessory_electronics|other|видеорегистратор|aksessuary|prochie-aksessuary,Автоэлектроника и устройства,15,aksessuary,prochie-aksessuary,0.89,1,8,,А-01226 Видеорегистратор 2 камеры DVR | А-01451 Видеорегистратор EPLUTUS 931 | А-01148 Видеорегистратор XPX P40 Pro | А-01166 Видеорегистратор | А-01167 Видеорегистратор 930 | А-01219 Видеорегистратор EPLUTUS 030 | А-01294 Видеорегистратор XPX P20 Pro | А-01450 Видеорегистратор DUR 300 2 камеры,
interior|other|накладка|kuzov-i-optika|elementy-salona,Элементы салона,15,kuzov-i-optika,elementy-salona,0.85,1,8,near_threshold_or_close_candidate,А-00439 Накладка кулисы 2101-07 | А-00509 Накладка потолка 2105-07 | ЗЧМ-00241 Накладка поводка 2141 Москвич | ЗЧМ-00358 Накладка с пепельницой 2141 | КР-00439 Накладка центральная Приора | А-00261 Накладка заднего замка 2109 | А-00431 Накладка тоннеля 2121 | А-00584 Накладка люка б/бака,А-00439 Накладка кулисы 2101-07
active_neighbor|fittings|active-neighbor-82|tormoznaya-sistema|prochaya-tormoznaya-sistema,Похожие активные товары,14,tormoznaya-sistema,prochaya-tormoznaya-sistema,0.9391,1,8,,КГ-00927 Фитинг 22х12 с наружной резьбой | КГ-00926 Фитинг 22х10 с наружной резьбой | КГ-00928 Фитинг 22х8 с наружной резьбой | КГ-00929 Фитинг 12х12 с наружной резьбой | КГ-00930 Фитинг 16х6 с наружной резьбой | КГ-00931 Фитинг 16х12 с наружной резьбой | КГ-00932 Фитинг 12х10 с наружной резьбой | КГ-00933 Фитинг 10х12 с наружной резьбой,
wheel_fasteners|nuts|гайка-колес|aksessuary|shiny-i-diski,"Колёсные болты, гайки и шпильки",13,aksessuary,shiny-i-diski,0.912,1,8,near_threshold_or_close_candidate,ЗЧМ-00041 Гайка колес Москвич 2140 | К-00108 Гайка колёс Нива | К-00408 Гайка колес Нива (удлиненная) | К-00657 Гайка колес М12Х1.5 высокая (никель) | КГ-00028 Гайка колес Газель-Бычок | КГ-00144 Гайка колёс Таврия | КГ-00464 Гайка колес КАМАЗ | КГ-00650 Гайка колес УАЗ 14х1.5 ключ 19,КГ-00650 Гайка колес УАЗ 14х1.5 ключ 19
adhesive_tapes|adhesive_tapes|скотч|aksessuary|prochie-aksessuary,Скотч и клейкие ленты,13,aksessuary,prochie-aksessuary,0.8424,1,8,,"А-00214 Скотч ""Боди"" 25 мм | А-00219 Скотч ""Боди"" 38 мм | А-00886 Скотч 2-х сторонний ""ЗМ"" (9 мм) | А-01103 ""ЗМ"" Скотч 2-х сторон. 15 мм | А-02104 TOP CAR Скотч 38 мм/40м | А-00461 Скотч 50 мм | А-00973 Скотч ""3М"" (9 мм, 33 м) | А-02245 Скотч 150 мм",
car_fragrances|fragrances|дезодорант|aksessuary|prochie-aksessuary,Ароматизаторы и дезодоранты,12,aksessuary,prochie-aksessuary,0.8567,1,8,near_threshold_or_close_candidate,"А-00266 Дезодорант ""Кубики"" | А-00773 Дезодорант гелевый (вентилятор) | А-00917 Дезодорант гелевый (животные) | А-00977 Дезодорант ""Елочка"" (большая) | А-01107 Дезодорант в баночке Органика | А-01424 Дезодорант автомобильный | А-01434 Дезодорант под сиденье | А-01655 Дезодорант ""DIFFEREN""",А-01434 Дезодорант под сиденье
body_air_intakes|other|воздухозаборник|kuzov-i-optika|kuzovnye-detali,Кузовные воздухозаборники,12,kuzov-i-optika,kuzovnye-detali,0.8767,1,8,,"А-00623 Воздухозаборник Нива | А-01290 Воздухозаборник Нива н/о хром | А-00483 Воздухозаборник ОКА | А-00793 Воздухозаборник Нива, 2106 | А-01493 Воздухозаборник Нива черный, белый | А-01919 Воздухозаборник 2110 (тюнинг) наклад. | А-02341 Воздухозаборник Нива-Легенда 21214 | КГ-00239 Воздухозаборник УАЗ",
electrical_misc|other|переключатель|elektrika|prochaya-elektrika,Прочая электрика,12,elektrika,prochaya-elektrika,0.85,1,8,,ИН-00881 Переключатель | ЗЧМ-00296 Центральный переключатель света Москвич | ИН-00185 Переключатель света центр. Ланос | ИН-00197 Переключатель света Дэу-Нексиа | ИН-00734 Переключатель поворотов Ланос | ИН-00787 Переключатель поворотов Рено Логан | ИН-00788 Переключатель ст. очистителя Рено Логан | ИН-01021 Переключатель ст. очистителя Рено-Логан н,
engine_valves|other|клапан|dvigatel-i-transmissiya|detali-dvigatelya,Детали двигателя,11,dvigatel-i-transmissiya,detali-dvigatelya,0.8534,1,8,,"ДВ-00757 К-т клапанов выпускных 2108-1007012-01-Ч ЧАМЗ немагнит. | ДВ-00009 Втулки клапанные SM 2101-07 | ДВ-00010 Втулки клапанные SM 2108 | ДВ-00047 Втулки клапанные 2101-08 (1 шт) | ДВ-00314 Клапан 2108 выпуск. (Луганск) | ДВ-00368 Клапан выпускной АМР 2101-07, за 1 шт | ДВ-00369 Клапан выпускной АМР 2108-09, за 1 шт | ЗЧМ-00453 Клапаны выпускные Таврия (за 1 шт)",
steering_wheel_covers|steering_wheel_covers|оплетка|aksessuary|prochie-aksessuary,Оплетки руля,11,aksessuary,prochie-aksessuary,0.9073,1,8,,"А-02324 Оплётка для перетяжки руля ""АвтоПрофи"" | А-01612 Оплетка (натуральный мех) | А-01823 Оплётка 48 см | А-02099 Оплётка Гранта | А-02100 Оплётка Солярис, Рио | А-01481 Оплётка ""HR"" Израиль | А-01615 Оплетка ""DAKAR"" HR | А-01649 Оплётка PSV",
body_small_exterior|other|жабо|kuzov-i-optika|kuzovnye-detali,Малые кузовные элементы,10,kuzov-i-optika,kuzovnye-detali,0.8912,1,8,,КР-00348 Жабо ВАЗ 2108 (за 2 шт) | ИН-01127 Жабо Рено Дастер | А-01112 Жабо 2115 | А-02228 Жабо 2170 Приора | ИН-01128 Жабо Рено Логан | К-00947 Набор жабо 1118 | К-00948 Набор жабо 2110 | К-00949 Набор жабо 2170,
exhaust_hardware|studs|коллектор|dvigatel-i-transmissiya|vyhlopnaya-sistema,Метизы и хомуты выхлопной системы,10,dvigatel-i-transmissiya,vyhlopnaya-sistema,0.872,1,8,,КГ-00598 Шпилька коллектора ЗИЛ-130 короткая | КГ-00599 Шпилька коллектора ЗИЛ-130 длин. | ЗЧМ-00373 Шпилька коллектора Москвич 8 шаг 1.0 | К-00489 Шпилька коллектора М6*30 2108 | К-00559 Шпилька М10*25 вып. коллектора 21103 | К-00712 Шпилька М10*25 вып. коллектора 21103 | КГ-00032 Шпилька коллектора ГАЗ | КГ-00034 Шпилька коллектора ГАЗ,
exhaust_hardware|other|приемн|dvigatel-i-transmissiya|vyhlopnaya-sistema,Метизы и хомуты выхлопной системы,10,dvigatel-i-transmissiya,vyhlopnaya-sistema,0.872,1,8,,"КГ-00096 Кронштейн приёмной трубы Г-2217,3302 (дв. | КГ-00111 Кронштейн приемной трубы ГАЗ | КГ-00218 Кронштейн приемной трубы УАЗ 3741 409 дв. | КГ-01276 Кронштейн приёмной трубы Г-3302 Б+ (дв.4216,405-ЕВРО-2) | КР-00123 Кронштейн приёмной трубы 2108 | КР-00352 Кронштейн приемной трубы Нива | КР-00471 Кронштейн приёмной трубы Калина | КР-00472 Кронштейн приёмной трубы 16 кл. дв. 1.6",
steering_wheels|steering_wheels|руль|kuzov-i-optika|kuzovnye-detali,Рули и рулевые колеса,10,kuzov-i-optika,kuzovnye-detali,0.82,1,8,,"А-00390 Руль кожа-дерево | А-00123 Руль (кожа) | А-00227 Руль Лада | А-00405 Руль (цветной) | А-00490 Руль Нива-Тайга 2107 | А-00491 Руль ""Вираж"" | А-00648 Руль ""Вираж"" (нов. обр.) | А-01054 Накладки на руль",
headlight|other|фары|kuzov-i-optika|fary,Фары,10,kuzov-i-optika,fary,0.9,1,8,near_threshold_or_close_candidate,"А-00472 Накладка под фары 2110 (2 шт) | А-02291 Фары 2115 (тюнинг), 2 шт | ИН-00702 Фары пр.21511В7RLEMN2,лев.21511В7LLEMN2 | ИН-00735 Кожух крышки фары Chevrolet | О-00645 Фары тракторные (рефленые) | О-00672 Фары тракторные средние | О-00673 Фары тракторные большие | К-00677 Набор крепления фары ВАЗ 2104, 2105, 2107",А-00472 Накладка под фары 2110 (2 шт) | О-00038 Ободок фары УАЗ
exhaust|other|пламегаситель|dvigatel-i-transmissiya|vyhlopnaya-sistema,Выхлопная система,9,dvigatel-i-transmissiya,vyhlopnaya-sistema,0.89,1,8,,"Г-00599 Пламегаситель стронгер 45*400 с перфор.-диффузором ""CBD"" STAL113 | Г-00633 Пламегаситель коллекторный диссипативный D=57х110мм L=100мм CBD510.010 | Г-00600 Пламегаситель стронгер 45*550 с перфор.-диффузором ""CBD"" STAL114 | Г-00601 Пламегаситель стронгер 50*300 с перфор.-диффузором ""CBD"" STAL115 | Г-00602 Пламегаситель стронгер 50*400 с перфор.-диффузором ""CBD"" STAL116 | Г-00603 Пламегаситель стронгер 50*550 с перфор.-диффузором ""CBD"" STAL117 | Г-00604 Стронгер пламегаситель жаброобразный 76х50мм L=400мм STAL101 | Г-00621 Пламегаситель коллекторный диссилативный UNIVERSAL D=57х100 мм L=100мм CBD510.003",
engine_fasteners|bolts|маховик|dvigatel-i-transmissiya|detali-dvigatelya,Метизы и малые детали двигателя,9,dvigatel-i-transmissiya,detali-dvigatelya,0.8653,1,8,,К-00838 Шайба под болты маховика 2101 | КГ-00084 Гайка болта маховика ГАЗ-2410 | КГ-00022 Болт маховика УАЗ | КГ-00053 Болт крепления маховика Зил-130 | КГ-00165 Болт крепления маховика УАЗ (нов. обр.) к | КГ-00363 Болт М14*64*1.25 маховика | КГ-00475 Болт М10*45*1.25 маховика 406 дв. | КГ-00578 Болт крепления маховика Бычок,
oil_pan_plugs|caps_plugs|пробка-поддона|dvigatel-i-transmissiya|detali-dvigatelya,Пробки поддона,9,dvigatel-i-transmissiya,detali-dvigatelya,0.912,1,8,,"ЗЧМ-00057 Пробка поддона Москвич | ИН-00725 21096F Пробка поддона Ford Mondeo/Focus | ИН-00803 6564F Пробка поддона BMW универсальная | КГ-00018 Пробка поддона Волга | КГ-00245 Пробка поддона 406 дв. | КГ-00694 Пробка поддона слив. (дв. 406) ремонтная | КГ-00900 Пробка поддона Газель ЕВРО-3 | КГ-01151 Пробка поддона слив. (дв. 405,409) ЕВРО-3",
wiring|other|разъем|elektrika|provodka,Проводка,9,elektrika,provodka,0.87,1,8,,А-01899 Диагностический разъём с Bluetooth (ОВД) | А-01900 Диагностический разъём с Wi-Fi (ОВД) | А-01926 Разъём диагностический BLUETOO ELM 327 | А-02222 Диагностический разъём Exposer Wi-Fi 327 | А-02243 Диагностический разъём ELM 327 (EXPOSER) | ИН-01421 Разъём-переходник KIA HY-01 | КГ-01107 Разъём кузовной д.27 | КГ-01290 Разъём кузовной д. 20,
body_glass|other|стекла|kuzov-i-optika|stekla,Стекла,9,kuzov-i-optika,stekla,0.877,1,8,near_threshold_or_close_candidate,ЗЧМ-00645 Уплотнитель зад. стекла 2141 | ЗЧМ-00422 Уплотнитель лобового стекла 2141 без зам | ЗЧМ-00599 Уплотнитель лобового стекла Таврия | А-01985 Накладка зад. стекла 2101-07 | А-00095 Плёнка лобового стекла | А-00577 Обогрев заднего стекла | ДВ-00187 Обдув лобового стекла 2105-07 | КР-00105 Замок лоб. стекла 2101-07,А-01985 Накладка зад. стекла 2101-07 | А-00095 Плёнка лобового стекла | КР-00373 Накладка лобового стекла 2110 лев./прав.
fuel_system|other|форсунки|dvigatel-i-transmissiya|toplivnaya-sistema,Топливная система,9,dvigatel-i-transmissiya,toplivnaya-sistema,0.87,1,8,,"Р-00074 Форсунки КАМАЗ | РГ-00225 Рем.к-т стакана форсунки | ДВ-00158 Форсунки Гранта н. обр. № 21127 | ДВ-00309 Форсунки 2110 (1 шт) ""Сименс"" | ДВ-00484 Форсунки Калина | ДВ-00703 Скоба крепления форсунки Vesta, X-RAY 1,6 | ДВ-00704 Скоба крепления форсунки Vesta, X-RAY 1,8 | ИН-00237 Форсунки Рено-Логан",
interior|other|полка|kuzov-i-optika|elementy-salona,Элементы салона,9,kuzov-i-optika,elementy-salona,0.85,1,8,,А-00101 Полка зад. п 2104-08 | А-00102 Полка зад. п 2109 | А-01710 Полка аккустическая с опорами 2172 | А-01711 Полка аккустическая 2108-09 | А-00379 Полка зад. 21099 | А-00645 Полка под бардачок 2105-06 | А-00670 Полка акустическая 2170 | А-01647 Полка аккустическая 2105-07 с коробами,
car_audio|other|автоколонки|aksessuary|prochie-aksessuary,Автоаудио,8,aksessuary,prochie-aksessuary,0.89,1,8,,А-01279 Автоколонки SWAT А 69 | А-01485 Автоколонки CARLIVE 16 | А-02087 Автоколонки 6975 | А-02088 Автоколонки 6995 | А-02372 Автоколонки д.10 | А-02089 Автоколонки 1695 | А-02090 Автоколонки Kenwood 6956 | А-02278 Автоколонки Eplutus ES-500,
seat_covers|other|накидка|aksessuary|chehly,Чехлы и накидки сидений,8,aksessuary,chehly,0.8788,1,8,,"А-01689 HR Накидка на сидения ECO CORD | А-02097 Накидка 3D PREMIUM, 2 сидения | А-00378 Накидка массажная PSV плетёный бамбук | А-01312 Накидка меховая (искусств.) | А-02269 Накидка для собак на заднее сидение 160х130 | А-02425 Накидка массажная AVS М2410BP-BL (большая с поддержкой) шарики | А-01452 Накидка массажная AVS С119 шарики серая | А-01966 Накидка массажная PSV деревянные косточки бежевая, 1 шт",
interior|other|консоль|kuzov-i-optika|elementy-salona,Элементы салона,8,kuzov-i-optika,elementy-salona,0.85,1,8,,А-00014 Консоль 2106 | А-00288 Консоль Приора серебро | А-00687 Консоль Нива 21213 | А-00195 Консоль 2107 (пустая) | А-00724 Консоль 2105 | А-01210 Консоль Калина (пустая) | А-01641 Консоль Приора н/о | КР-00465 Консоль Приора 2170 пустая,
interior|seat_parts|сиденье|kuzov-i-optika|elementy-salona,Элементы салона,8,kuzov-i-optika,elementy-salona,0.85,1,8,,"А-00606 Сиденье 2105 | А-00900 Сиденье детское (9-36 кг) | А-00904 Сиденье детское (9-36 кг) | КР-00368 Сиденье 2107 перед. лев., прав. (за 1 шт) | КР-00369 Сиденье Нива 21213 перед. лев., пр.(1шт.) | КР-00370 Сиденье 2109 перед. лев., прав. (за 1 шт) | А-01115 Сиденье детское 15-36 кг | КР-00390 Сиденье перед. 2110 (за 1 шт)",
car_fragrances|fragrances|ароматизатор|aksessuary|prochie-aksessuary,Ароматизаторы и дезодоранты,7,aksessuary,prochie-aksessuary,0.86,1,7,,"А-00030 АРОМАТИЗАТОР ""Senso"" (регулируемый) | А-00032 Ароматизатор воздуха гелевый | А-00158 Ароматизатор ""Ёлочка"" | А-01415 АРОМАТИЗАТОР ""SLIM "" | А-01921 Ароматизатор CONTEX с дерев. крышечкой SEX | А-01960 Ароматизатор CONTEX спрей | А-02318 Ароматизатор CONTEX",
tow_ropes|other|трос|aksessuary|bezopasnost,Буксировочные тросы и стропы,7,aksessuary,bezopasnost,0.8797,1,7,,"А-00143 Трос 15 т ленточный с петлями ""Новые технологии"" | А-01022 Трос 10т ( с крюками) | А-02132 Трос динамический 10 т | А-00471 Крюк для троса | А-01422 Трос динамический 12т 6м | А-02096 Трос 10 т 2 крюка | А-02133 Трос динамический 14 т",
driver_electronics|driver_electronics|антирадар|aksessuary|prochie-aksessuary,Водительская электроника,7,aksessuary,prochie-aksessuary,0.8751,1,7,,"А-00835 Антирадар ""SHO-ME"" | А-01196 Антирадар ""SHO-ME"" 530 | А-01374 Антирадар Cobra 845 | А-01009 Антирадар ""САВЕР 255"" | А-01326 Антирадар ""Кобра"" | А-01986 Антирадар ""Кармера GPS 330"" | А-01133 Антирадар ""Sho-мe"" №520 голосовой",
washing_sponges|washing_sponges|губка|aksessuary|prochie-aksessuary,Губки и расходники мойки,7,aksessuary,prochie-aksessuary,0.8474,1,7,,А-02411 Губка поролоновая крупнопористая AVS SP-11 кирпич 180х100х50мм | А-01860 РМ0972 Губка поролоновая крупнопористая 235х115х85мм | А-01946 Губка автомобильная крупнопористая AVS SP-17 | А-02265 GRASS Губка автомобильная крупнопористая | А-02148 Губка поролоновая AVS SP-12 двухслойная 170х108х53 мм | А-02246 Губка для ухода за пластиком AVS SPP-01 глянцевый эффект | А-02284 Губка поролоновая AVS SP-4 (рельса) в вакуум. упаковке,
reflectors|other|катафот|kuzov-i-optika|fonari,Катафоты и отражатели,7,kuzov-i-optika,fonari,0.86,1,7,,О-00549 Катафот оранжевый | А-00142 Катафот номера 2110 | А-00256 Катафот номера 3110 | А-00411 Катафот номера | А-01609 Катафот универсальный 2 шт | О-00094 Катафот - треугольник | О-00169 Катафот круглый,
wheel_fasteners|studs|колес|aksessuary|shiny-i-diski,"Колёсные болты, гайки и шпильки",7,aksessuary,shiny-i-diski,0.8874,1,7,,ИН-00930 0284-001 Шпилька колесная NISSAN | ИН-00954 94501745GM Шпилька колесная Daewoo Matiz | ИН-01598 MLS-116 Шпилька колёсная | КГ-00149 Шпилька колесная Соболь-2217 | КГ-00029 Шпилька колес Газель | КГ-00095 Шпилька с гайкой колес Таврия | КГ-00413 Шпилька колес задняя Валдай (за 1 шт),
active_neighbor|other|active-neighbor-75|kuzov-i-optika|kuzovnye-detali,Похожие активные товары,7,kuzov-i-optika,kuzovnye-detali,0.935,1,7,,"А-00410 Кожух руля 2106 | Г-00653 Усил. задней панели 21213 | А-00315 Кожух руля 2108 | А-00316 Кожух руля 2105, 2107, Нива | А-00751 Кожух руля 2110 | А-00932 Кожух руля ""Калина"" | А-01181 Кожух руля 2110 с/о",
fuel_system|other|трубки-топливные|dvigatel-i-transmissiya|toplivnaya-sistema,Топливная система,7,dvigatel-i-transmissiya,toplivnaya-sistema,0.91,1,7,,ДВ-00588 Трубки топливные Нива 2131 (к-т 2 шт) | ДВ-00591 Трубки топливные Гранта 2190 (к-т 2 шт) | ДВ-00460 Трубки топливные магистральные 2108 | ДВ-00461 Трубки топливные 2108 дв. 16 (за 1 шт) | ДВ-00462 Трубки топливные 2110 дв. 1.6 (за 1 шт) | ДВ-00463 Трубки топливные 2104-07 инжектор | ДВ-00590 Трубки топливные Нива 21214 инж. (к-т 2 ш,
fuel_system|other|топливн|dvigatel-i-transmissiya|toplivnaya-sistema,Топливная система,7,dvigatel-i-transmissiya,toplivnaya-sistema,0.87,1,7,,"КГ-00533 Шайбы топливные д.10 | А-01663 UKC Индикатор качества топливной смеси | ДВ-00292 К-т топливных трубок 2101-07 | ДВ-00397 Комплект топливных трубок 2110, Нива | ДВ-00426 Комплект топливных трубок 2110 корот. | ДВ-00602 К-т топливных трубок Лада-Гранта | КГ-00479 Шайбы топливные д.14",
throttle_cables|other|трос|dvigatel-i-transmissiya|toplivnaya-sistema,Тросы газа,7,dvigatel-i-transmissiya,toplivnaya-sistema,0.8777,1,7,,К-00326 Стопор троса газа 2108 | ДВ-00151 Трос подсоса ВАЗ 2101-07 | ДВ-00152 Трос подсоса ВАЗ 2108-09 | ЗЧМ-00200 Трос подсоса 2141 | ЗЧМ-00624 Трос подсоса Таврия | ЗЧМ-00641 Трос подсоса ЗАЗ | К-00327 Стопор троса подсоса 2101-08,
fuel_management|other|адсорбер|dvigatel-i-transmissiya|toplivnaya-sistema,Узлы топливной системы,7,dvigatel-i-transmissiya,toplivnaya-sistema,0.86,1,7,,ДВ-00257 Адсорбер Приора н.обр. | ДВ-00404 Адсорбер Калина | ДВ-00456 Адсорбер Приора 2170 | ДВ-00555 Адсорбер ВАЗ 2114-2115 | ДВ-00666 Адсорбер Лада Веста | КР-00540 Кронштейн адсорбера 2110 | КР-00541 Кронштейн адсорбера 21082,
interior|other|обшивка|kuzov-i-optika|elementy-salona,Элементы салона,7,kuzov-i-optika,elementy-salona,0.85,1,7,,"А-00474 Обшивка салона 2108 (к-т) | КР-00003 Задняя обшивка стоек ВАЗ 2108 (1 к-т, 2 ш | КР-00326 Обшивка пола Нива (средняя) | А-00371 Обшивка крыши 2101-07,2104,Нива | А-00539 Обшивка-треугольник 2106 | КР-00302 Обшивка задняя Нива 21213 (к-т 2 шт) | КР-00303 Обшивка перед. Нива 21213 (2 шт)",
driver_electronics|driver_electronics|алкотестер|aksessuary|prochie-aksessuary,Водительская электроника,6,aksessuary,prochie-aksessuary,0.87,1,6,,А-01028 Алкотестер | А-01032 Алкотестер 3000 | А-02143 Алкотестер 6000 | А-02193 Алкотестер AD 2600 | А-00430 Алкотестер 002 | А-00654 Алкотестер,
electrical_tape|other|изолента|elektrika|provodka,Изолента и электромонтажные ленты,6,elektrika,provodka,0.87,1,6,,"А-00170 Изолента | А-00240 Изолента черная х/б | А-00253 Изолента | А-00591 Изолента ""NOVA ROL"" | А-01904 Изолента салонная (противошум) | А-02059 Изолента ""NEOMATEC""",
tools|fittings|ключ|aksessuary|instrumenty,Инструменты,6,aksessuary,instrumenty,0.88,1,6,,КГ-00224 Штуцер - тройник 24 ключ | КГ-00765 Штуцер-соединитель угловой под 22 ключ | КГ-00766 Штуцер-соединитель угловой под 24 ключ | КГ-00767 Штуцер-соединитель угловой под 27 ключ | КГ-00768 Штуцер-соединитель угловой под 32 ключ | КГ-01330 Соединитель шлангов угол 16х16 ключ 19,
spring_hardware|nuts|стремян|podveska|ressory,Метизы и втулки рессор,6,podveska,ressory,0.872,1,6,,"КГ-00019 Гайка стремянок Газель | КГ-00321 Гайка задних стремянок ЗИЛ-130 | КГ-00323 Гайка задних стремянок ЗИЛ-130 | КГ-00392 Гайка М24*1.5 стремянки зад. ресс. Камаз | КГ-00633 Гайка М30х2 стремянки задней МАЗ,КАМАЗ-65 | КГ-00648 Гайка зад. стремянки Зил-130 22х1,5",
exhaust_hardware|nuts|приемн|dvigatel-i-transmissiya|vyhlopnaya-sistema,Метизы и хомуты выхлопной системы,6,dvigatel-i-transmissiya,vyhlopnaya-sistema,0.872,1,6,,"К-00015 Гайка М 8 д. приёмной трубы ВАЗ 01-08 | К-00305 Гайка приемной трубы на 2110 | К-00923 Гайка М8*1,25 приёмной трубы с буртиком ""Веста"", ""Ларгус"" | КГ-00016 Гайка приемной трубы Волга | КГ-00069 Гайка приемной трубы ГАЗ | КГ-00784 Гайка М10*1.25 приемной трубы КАМАЗ (лату",
cooling|other|диффузор|dvigatel-i-transmissiya|ohlazhdenie,Охлаждение,6,dvigatel-i-transmissiya,ohlazhdenie,0.86,1,6,,Г-00665 Стронгер с перфорированным диффузором CBD. STAL112 | ДВ-00134 Диффузор 2110 | ДВ-00135 Диффузор 2108 | ДВ-00168 Диффузор 2106 | ДВ-00319 Кронштейн диффузора Нива | КР-00351 Диффузор Нива (внешний),
wiring|hoses|разъем|elektrika|provodka,Проводка,6,elektrika,provodka,0.87,1,6,,КГ-00119 Разъём для шланга елка Т-образный 6мм | КГ-01254 Разъём для шланга елка Х-образный 6мм АТ | КГ-01255 Разъём для шланга елка Х-образный 10мм АТ | КГ-01256 Разъём для шланга ёлка Y-образный 6 мм АТ | КГ-01257 Разъём для шланга елка Y-образный 8мм АТ | КГ-01258 Разъём для шланга ёлка Y-образный 10 мм АТ,
misc_accessories|other|прицепное|aksessuary|prochie-aksessuary,Прочие аксессуары,6,aksessuary,prochie-aksessuary,0.85,1,6,,"Г-00138 Прицепное Газель 3302/2705 | Г-00142 Прицепное УАЗ | Г-00178 Прицепное Газель цельн. металл | Г-00096 Прицепное ВАЗ 2110, 2111, 2112 универсал | Г-00213 Прицепное УАЗ-Хантер | Г-00221 Прицепное Калина",
sound_insulation|other|шумоизоляция|kuzov-i-optika|kuzovnye-detali,Шумоизоляция,6,kuzov-i-optika,kuzovnye-detali,0.88,1,6,,"А-00140 Шумоизоляция черная 3 кв. м | А-00393 Шумоизоляция ВАЗ 01 (заводская) | А-00562 Шумоизоляция (черная) | А-01600 Шумоизоляция ""Волна"" | А-01749 Шумоизоляция 4 мм, 1 кв.м | А-01750 Шумоизоляция ИЗОЛОН 8 мм, 1 кв.м",
interior|other|полка-задняя|kuzov-i-optika|elementy-salona,Элементы салона,6,kuzov-i-optika,elementy-salona,0.89,1,6,,А-00487 Полка задняя 2101-07 пластмасса | А-00028 Полка задняя Нива | А-00587 Полка задняя 2101-07 | А-00725 Полка задняя 2101-07 | А-00837 Полка задняя акустическая | А-01635 Полка задняя аккустическая Лада-Гранта,
interior|other|пепельница|kuzov-i-optika|elementy-salona,Элементы салона,6,kuzov-i-optika,elementy-salona,0.85,1,6,,КР-00260 Пепельница 2105 | ОК-00212 Пепельница ОКА | А-00236 Пепельница ВАЗ | А-00551 Пепельница 2107 | А-00552 Пепельница 2105-06-09 | А-01229 Пепельница-стакан,
legacy_kuzov-i-optika_emblemy|other|знак|kuzov-i-optika|emblemy,Эмблемы,6,kuzov-i-optika,emblemy,0.82,1,6,,"А-01068 Знак ""Учебная машина"" с подсветкой | А-01828 Знак ""Ш"" ГОСТ наруж. (20*20) на присоске | А-00550 Дублирующий номер знака | А-00934 Дублирующий знак ""Регион"" | А-01265 Знак ""Тихоходная техника"" | А-02225 Знак Рено большой",
car_audio|other|колонки|aksessuary|prochie-aksessuary,Автоаудио,5,aksessuary,prochie-aksessuary,0.85,1,5,,"А-00489 Колонки PIONEER 1320 | А-01302 Колонки д.10 ""FV"", 2 шт | А-01303 Колонки SOUNDMAX 6х9 | А-01505 Колонки ""Кенвуд"" 1355 | А-00741 Колонки ""FV"" 16 см",
car_audio|other|динамик|aksessuary|prochie-aksessuary,Автоаудио,5,aksessuary,prochie-aksessuary,0.85,1,5,near_threshold_or_close_candidate,"Р-00107 К-т проставок динамиков, 2 шт | А-00459 Накладка динамиков 2108 (правая) | А-00506 Накладка динамика 2107 | А-00898 Накладка динамика 2109 (левая) | А-01891 Сетка для динамиков (2 шт)",А-00459 Накладка динамиков 2108 (правая) | А-00506 Накладка динамика 2107 | А-00898 Накладка динамика 2109 (левая)
document_accessories|document_accessories|автодокументы|aksessuary|organayzery,Автодокументы и футляры,5,aksessuary,organayzery,0.8696,1,5,,"А-00909 Автодокументы, паспорт, кошелек (кожа) | А-01044 Автодокументы с паспортом | А-00415 Автодокументы | А-00563 Автодокументы | А-01285 Автодокументы",
timing_kit|other|ролик|dvigatel-i-transmissiya|remni,ГРМ и ролики,5,dvigatel-i-transmissiya,remni,0.91,1,5,,"ИН-01259 Ролик ремня приводного HYUNDAI SOLARIS | ПС-00089 Ролики Приора 2170 малые, к-т | ПС-00136 Ролик нат. Лада-Гранта автомат | ДВ-00234 Ролик цепи ВАЗ нов. обр. | ДВ-00572 Кронштейн натяжного ролика в сборе Калина",
engine_valves|caps_plugs|клапан|dvigatel-i-transmissiya|detali-dvigatelya,Детали двигателя,5,dvigatel-i-transmissiya,detali-dvigatelya,0.892,1,5,,ЗЧМ-00601 Крышка клапанная Таврия | ДВ-00124 Крышка клапанная 2101 | ДВ-00261 Крышка клапанная 2108 | ДВ-00498 Крышка клапанная 16 кл. дв. ВАЗ | ЗЧМ-00213 Крышка клапанная 2140,
wheel_fasteners|bolts|колес|aksessuary|shiny-i-diski,"Колёсные болты, гайки и шпильки",5,aksessuary,shiny-i-diski,0.912,1,5,,КГ-00968 К-т болтов колёс 12х1.5 черн. | КР-00408 Болт крепления запасного колеса 2104 | КР-00409 Болт крепления запасного колеса 2108 | КР-00410 Болт крепления запасного колеса 2110 | КР-00411 Болт крепления запасного колеса 2121,
comfort_accessories|other|массаж-р|aksessuary|prochie-aksessuary,Комфортные аксессуары салона,5,aksessuary,prochie-aksessuary,0.8844,1,5,,"А-00201 Массажер (бамбук) в/спинка | А-00265 Массажёр | А-02320 Массажер (коричневый) 1 шт | А-00396 Массажер (импорт.) | А-01125 Массажер для поясницы ""Дельта""",
engine_fasteners|washers|клапан|dvigatel-i-transmissiya|detali-dvigatelya,Метизы и малые детали двигателя,5,dvigatel-i-transmissiya,detali-dvigatelya,0.862,1,5,,ДВ-00169 Шайба регулировки клапанов 2108 (д. до 0. | К-00201 Шайба регулировки клапанов 2108 | К-00376 Шайба к/клапанной 2101-07 (1 шт) | КГ-00184 Шайба крышки клапанной Волга | КГ-00812 Шайба клапанной крышки ГАЗ дв.406,
engine_fasteners|bolts|клапан|dvigatel-i-transmissiya|detali-dvigatelya,Метизы и малые детали двигателя,5,dvigatel-i-transmissiya,detali-dvigatelya,0.862,1,5,,К-00100 Болт крышки клапанов 2108-09 | К-00249 Болт к/клапанов 2108 | К-00693 Болт к/клапанов ВАЗ 16 кл. в сборе | КГ-00031 Болт регулировки клапанов | КГ-01295 Болт регулировки клапанов Камминс,
body_clips|other|скоба|kuzov-i-optika|kuzovnye-detali,Пистоны и фиксаторы кузова,5,kuzov-i-optika,kuzovnye-detali,0.832,1,5,,"К-00364 Скоба эмблемы | К-00463 Скоба-защелка панели Гранта | К-00485 Скоба-защёлка панели Шевроле-Нива | К-00860 Скоба-защёлка панели ""Калина"" | КГ-00135 Скоба эмблем Волга",
active_neighbor|bolts|active-neighbor-100|aksessuary|shiny-i-diski,Похожие активные товары,5,aksessuary,shiny-i-diski,0.94,1,5,,К-00685 Болт 12х1.25 л/д хром | К-00637 Болт кулисы 2108 конус | КГ-00338 Болт М18*55*1.5 держ. запасн. колеса Кама | КГ-00350 Секретки болты 12х1.5 короткие д.24 | КГ-00975 Секретки болты 12х1.5 короткий ЕМ,
speedometer_cables|other|трос-спидометра|kuzov-i-optika|kuzovnye-detali,Тросы спидометра,5,kuzov-i-optika,kuzovnye-detali,0.882,1,5,,ЗЧМ-00201 Трос спидометра 2141 ГВ-306 | ДВ-00156 Трос спидометра Нива - Тайга | ДВ-00157 Трос спидометра ВАЗ 2101-08 | ИН-01011 Трос спидометра Матиз | ИН-01399 1170601000 Трос спидометра MECHANEX,
cleaning_brushes|other|щетка-для-мытья|aksessuary|prochie-aksessuary,Щетки и скребки для ухода,5,aksessuary,prochie-aksessuary,0.912,1,5,,А-00910 Щетка для мытья 2-х секционная | А-02311 Щетка для мытья SB-70 70см | А-00172 Щётка для мытья авто | А-00417 Щетка для мытья б/к | А-00923 Щетка для мытья 2-х секционная с краном для воды СА-617,
car_audio|other|магнитола|aksessuary|prochie-aksessuary,Автоаудио,4,aksessuary,prochie-aksessuary,0.85,1,4,,"А-00847 Магнитола ""Пролоджи"" | А-01288 Магнитола АМ7010 | А-01289 Магнитола EPLUTUS 302, 301 | А-01304 Магнитола № 8059",
car_vacuums|other|пылесос|aksessuary|prochie-aksessuary,Автопылесосы,4,aksessuary,prochie-aksessuary,0.88,1,4,,"А-00204 Пылесос (для сухой и влажной уборки) | А-01217 Пылесос С01D0 | А-00442 Пылесос ""HEYNER"" (Германия) | А-01546 Пылесос ""HEYNER"" Турбо",
tow_ropes|other|стропа-двухпетлевая|aksessuary|bezopasnost,Буксировочные тросы и стропы,4,aksessuary,bezopasnost,0.912,1,4,,"А-02360 Стропа двухпетлевая, лента 60мм/5м 3т | А-02362 Стропа двухпетлевая, лента 120мм/5м 5т | А-02361 Стропа двухпетлевая, лента 90мм/4м 4т | А-02363 Стропа двухпетлевая, лента 120мм/3м 5т",
air_intake_engine_parts|other|воздухоочиститель|dvigatel-i-transmissiya|detali-dvigatelya,Воздухоочистители и впуск,4,dvigatel-i-transmissiya,detali-dvigatelya,0.9,1,4,,ДВ-00127 Воздухоочиститель 2105 | ЗЧМ-00356 Воздухоочиститель 2141 | ДВ-00118 Воздухоочиститель 2101-07 | ДВ-00170 Воздухоочиститель 2108,
exhaust|other|нейтрализатор|dvigatel-i-transmissiya|vyhlopnaya-sistema,Выхлопная система,4,dvigatel-i-transmissiya,vyhlopnaya-sistema,0.89,1,4,,"Г-00451 Нейтрализатор УАЗ-Патриот, Хантер (дв. ЗМЗ | Г-00245 Труба-вставка, СТРОНГЕР, вместо нейтрализатора ВАЗ CBD.STAL127 | Г-00450 Нейтрализатор УАЗ-Хантер (дв.409) ЕВРО-3 | Г-00492 Вставка вместо нейтрализатора с вибро 2110",
timing_kit|bolts|ролик|dvigatel-i-transmissiya|remni,ГРМ и ролики,4,dvigatel-i-transmissiya,remni,0.91,1,4,,"К-00494 Болт 10х58 ролика Лада-Калина | К-00600 Болт М10*43 натяжного ролика ""Шевроле-Нива | К-00807 Болт М10*32 крепл. ролика натяжителя Шевро | КГ-00108 Болт натяжителя ролика М6*95 №889",
headlight_decor|other|реснички-фар|kuzov-i-optika|obves-i-dekor,Декор и ободки фар,4,kuzov-i-optika,obves-i-dekor,0.902,1,4,,А-00610 Реснички фар 2110 (2 шт) | А-00766 Реснички фар 2115 (2 шт) | А-01587 Реснички Фар 2110 крашеные | ИН-00031 Реснички фар Ланос (за 1 шт) лев./прав.,
engine_valves|other|тарелки-клапанов|dvigatel-i-transmissiya|detali-dvigatelya,Детали двигателя,4,dvigatel-i-transmissiya,detali-dvigatelya,0.88,1,4,,"ДВ-00031 Тарелки клапанов | ДВ-00627 Тарелки клапанов ВАЗ 2112 16 кл. (к-т) | ДВ-00628 Тарелки клапанов ВАЗ 2108 8 кл. (к-т, 2) | ДВ-00629 Тарелки клапанов 2101-07 (к-т, 3 шт)",
engine_valves|caps_plugs|крышка-клапан|dvigatel-i-transmissiya|detali-dvigatelya,Детали двигателя,4,dvigatel-i-transmissiya,detali-dvigatelya,0.86,1,4,,"ДВ-00259 Крышка клапанов 2105 | ДВ-00439 Крышка клапанов Нива 21214 | ДВ-00447 Крышка клапанов 2108 инжектор | ДВ-00551 Крышка клапанов 2107инжектор, Нива 21214",
axle_bridge_parts|other|мост|dvigatel-i-transmissiya|detali-transmissii,Детали мостов,4,dvigatel-i-transmissiya,detali-transmissii,0.887,1,4,near_threshold_or_close_candidate,"ХСГ-01325 Муфта включения перед. моста УАЗ все модели ""redBTR"" (серия Х) 2 шт к-т | КР-00269 Кронштейн чулка зад. моста 2101-07 (за 1 | КР-00289 Кронштейн моста Нива (перед.) | КР-00293 Кронштейн перед. моста Нива 21213 лев.","ХСГ-01325 Муфта включения перед. моста УАЗ все модели ""redBTR"" (серия Х) 2 шт к-т"
automotive_horns|other|сигнал|aksessuary|prochie-aksessuary,Звуковые сигналы,4,aksessuary,prochie-aksessuary,0.88,1,4,,"А-00448 Сигнал грузовой машины ""Труба"" большой | А-01824 Сигналы 12-24 V 2 рожка | А-00599 Сигнал (сирена) | А-01825 Сигналы 12-24V 3 рожка",
tools|other|щуп|aksessuary|instrumenty,Инструменты,4,aksessuary,instrumenty,0.88,1,4,,ИН-00375 Щуп уровня масла 30661 | ДВ-00472 Резинка щупа ВАЗ 2112 16 кл. | ЗЧМ-00226 Щуп масляный Москвич | ИН-01013 32657ASAM Щуп масляный Renault Logan/Du,
kpp_parts|other|кулис|dvigatel-i-transmissiya|kpp,КПП,4,dvigatel-i-transmissiya,kpp,0.85,1,4,,ЗЧМ-00279 Шток кулисы Москвич | ЗЧМ-00466 Пыльник кулисы 2141 | ИН-00073 Рем. комплект кулисы Ланос | ЗЧМ-00468 Резинка кулисы 2141,
kpp_parts|other|ремкомплект-кулисы|dvigatel-i-transmissiya|kpp,КПП,4,dvigatel-i-transmissiya,kpp,0.89,1,4,,ЗЧМ-00325 Ремкомплект кулисы 2141 | ЗЧМ-00479 Ремкомплект кулисы 2141 | ЗЧМ-00595 Ремкомплект кулисы 2141 | ЗЧМ-00001 Ремкомплект кулисы Москвич,
kpp_parts|other|муфта|dvigatel-i-transmissiya|kpp,КПП,4,dvigatel-i-transmissiya,kpp,0.85,1,4,,"ДВ-00188 Муфта реверса 2110 | ЗЧМ-00104 Муфта 1, 2-ой передачи 2140 в сборе | ЗЧМ-00105 Муфта 3,4-ой передачи 2140 в сборе | КГ-00277 Муфта соед.16х16,16х18,14х18,18х18",
body_decor|other|кенгурятник|kuzov-i-optika|obves-i-dekor,Обвес и декор,4,kuzov-i-optika,obves-i-dekor,0.89,1,4,,А-01330 Кенгурятник в сборе УАЗ-Патриот | А-01350 Кенгурятник Нива большой | А-01562 Кенгурятник Газель | А-01209 Кенгурятник,
printed_accessories|other|атлас-дорог|aksessuary|prochie-aksessuary,Печатные материалы,4,aksessuary,prochie-aksessuary,0.88,1,4,,"А-00385 Атлас дорог России, Москвы, Подмосковья | А-01128 Атлас дорог России | А-00186 Атлас дорог Подмосковья,Москвы | А-00416 Атлас дорог России (большой)",
active_neighbor|clamps|active-neighbor-93|dvigatel-i-transmissiya|vyhlopnaya-sistema,Похожие активные товары,4,dvigatel-i-transmissiya,vyhlopnaya-sistema,0.94,1,4,,КГ-01031 Хомут силовой 60х63 | КГ-01032 Хомут силовой 64х67 | КГ-01033 Хомут силовой 149х161 | КГ-01309 Хомут на ловитель,
active_neighbor|fittings|active-neighbor-88|tormoznaya-sistema|prochaya-tormoznaya-sistema,Похожие активные товары,4,tormoznaya-sistema,prochaya-tormoznaya-sistema,0.94,1,4,,КГ-01114 Фитинг латунь 12х6 | КГ-01128 Фитинг латунь П-10Х6 | КГ-01280 Фитинг латунь П-10Х8 | КГ-01281 Фитинг латунь П-8Х6,
active_neighbor|fittings|active-neighbor-94|tormoznaya-sistema|prochaya-tormoznaya-sistema,Похожие активные товары,4,tormoznaya-sistema,prochaya-tormoznaya-sistema,0.94,1,4,,КГ-01369 Фитинг метал. переходной прямой 4х6 | КГ-01370 Фитинг метал. переходной прямой 6х8 | КГ-01371 Фитинг метал. переходной прямой 8х10 | КГ-01372 Фитинг метал. переходной прямой 10х12,
electrical_misc|other|кнопка|elektrika|prochaya-elektrika,Прочая электрика,4,elektrika,prochaya-elektrika,0.85,1,4,,А-02379 Вольтметр З.У. 5 В кнопка GH-DS126 | ИН-00296 30624 Кнопка RENAULT LOGAN | К-00802 Кнопка-концевик | КР-00346 Кнопка троса воздушной заслонки 2108,
roof_rails|roof_rails|рейлинги|aksessuary|prochie-aksessuary,Рейлинги и багажные аксессуары,4,aksessuary,prochie-aksessuary,0.87,1,4,,"А-01187 Рейлинги на а/м ""Калина-универсал"" | А-01407 Рейлинги Рено-Логан | А-01408 Рейлинги Рено-Сандеро | А-01436 Рейлинги Лада-Ларгус оригинал",
car_audio|rings|динамик|aksessuary|prochie-aksessuary,Автоаудио,3,aksessuary,prochie-aksessuary,0.85,1,3,,А-01893 Кольца простав. динамиков 16 см | А-01897 Кольца для динамиков 16 обшитые | А-01894 Кольца простав. динамиков 6х9,
steering_wheel_accessories|other|ручка-руля|aksessuary|prochie-aksessuary,Аксессуары руля,3,aksessuary,prochie-aksessuary,0.902,1,3,,А-02165 Ручка руля (в коробке) | А-00271 Ручка руля | А-00658 Ручка руля,
air_intake_engine_parts|other|коллектор-впускной|dvigatel-i-transmissiya|detali-dvigatelya,Воздухоочистители и впуск,3,dvigatel-i-transmissiya,detali-dvigatelya,0.912,1,3,,ДВ-00200 Коллектор впускной 2101-07 | ЗЧМ-00204 Коллектор впускной 2140 | ДВ-00282 Коллектор впускной 2111 (Реверс),
air_intake_engine_parts|other|коллектор|dvigatel-i-transmissiya|detali-dvigatelya,Воздухоочистители и впуск,3,dvigatel-i-transmissiya,detali-dvigatelya,0.872,1,3,,ЗЧМ-00349 Шток впускного коллектора Москвич | ИН-01025 Впускной коллектор (пластик) 16 кл. МОДУЛ | ИН-01026 Впускной коллектор (алюмин.) 16 кл.,
sensor|sensors|дмрв|elektrika|datchiki,Датчики,3,elektrika,datchiki,0.87,1,3,,"ДВ-00612 ДМРВ Калина 11180-1130010-00 | ДВ-00696 ДМРВ ВАЗ 2108,2110, 2123,2170, 1118 с 2005 г.в. (0 280 218 116) | ДВ-00697 ДМРВ ВАЗ 2108,2110,2123 (до 2004 г.в.) (О 280 218 037) Хофер",
headlight_decor|other|ободок-фар|kuzov-i-optika|obves-i-dekor,Декор и ободки фар,3,kuzov-i-optika,obves-i-dekor,0.902,1,3,,О-00144 Ободок фар | О-00145 Ободок фар | О-00146 Ободок фар,
engine_parts|other|шестерня|dvigatel-i-transmissiya|detali-dvigatelya,Детали двигателя,3,dvigatel-i-transmissiya,detali-dvigatelya,0.86,1,3,,ЗЧМ-00115 Шестерня коробки Москвич 2141 | ЗЧМ-00431 Шестерня зад. хода 2126 | ЗЧМ-00102 Шестерня коробки Москвич 2140,
axle_bridge_parts|bolts|мост|dvigatel-i-transmissiya|detali-transmissii,Детали мостов,3,dvigatel-i-transmissiya,detali-transmissii,0.886,1,3,,"КГ-00356 Болт М16*35*1.5 планет. перед. зад. моста | КГ-00292 Болт М10*35*1 картера зад. моста ""Волга"" | КГ-00644 Болт крепления главной пары УАЗ военный мост",
body_locks_handles|seat_parts|сидень|kuzov-i-optika|zamki-i-ruchki,Замки и ручки,3,kuzov-i-optika,zamki-i-ruchki,0.872,1,3,,КР-00053 Ручка зад. сиденья Нива | КР-00208 Ручка регулировки сиденья 2108-09 | КР-00358 Ручка регулировки сиденья Калина,
body_brackets|other|номер|kuzov-i-optika|kronshteyny-i-krepleniya,Кронштейны и крепления кузова,3,kuzov-i-optika,kronshteyny-i-krepleniya,0.852,1,3,near_threshold_or_close_candidate,КГ-01235 Кронштейн номерного знака Газель | К-00763 Крепление номерного знака | КР-00030 Кронштейн номерного знака,КГ-01235 Кронштейн номерного знака Газель | К-00763 Крепление номерного знака | КР-00030 Кронштейн номерного знака
body_brackets|other|скоба|kuzov-i-optika|kronshteyny-i-krepleniya,Кронштейны и крепления кузова,3,kuzov-i-optika,kronshteyny-i-krepleniya,0.852,1,3,,К-00388 Скоба ободка фар 2101 | К-00450 Скоба стекла фар 2110-3110 | КР-00073 Скоба замка на кузов,
engine_fasteners|bolts|шкив|dvigatel-i-transmissiya|detali-dvigatelya,Метизы и малые детали двигателя,3,dvigatel-i-transmissiya,detali-dvigatelya,0.862,1,3,,К-00582 Болт М12*30*1.25 шкива к/вала | КГ-00566 Болт с шайбой шкива к/вала 405-406 дв. | КГ-00987 Болт крепления шкива вентилятора Г-3302 (,
exhaust_hardware|clamps|приемн|dvigatel-i-transmissiya|vyhlopnaya-sistema,Метизы и хомуты выхлопной системы,3,dvigatel-i-transmissiya,vyhlopnaya-sistema,0.872,1,3,,"ЗЧМ-00376 Хомуты приемной трубы 2141 | ЗЧМ-00507 Хомут приёмной трубы (Святогор) | КГ-01259 Хомут приёмной трубы силовой Г-3302 NEXT (дв. Камминс 2,8;3,8) Е-4",
exhaust_hardware|studs|выпуск|dvigatel-i-transmissiya|vyhlopnaya-sistema,Метизы и хомуты выхлопной системы,3,dvigatel-i-transmissiya,vyhlopnaya-sistema,0.89,1,3,,КГ-00262 Шпилька М8Х38*1.25мм выпускного коллектор | КГ-00384 Шпилька М10*40*1.25 выпускн. коллектора | КГ-00385 Шпилька М10*30*1.25 выпускн.коллектора,
storage_accessories|other|сумка-для-документов|aksessuary|organayzery,Органайзеры и сумки,3,aksessuary,organayzery,0.902,1,3,,А-01108 Сумка для документов (кожа) большая | А-01110 Сумка для документов (ткань) | А-01453 Сумка для документов (кожа),
body_clips|body_clips|пистон|kuzov-i-optika|kuzovnye-detali,Пистоны и фиксаторы кузова,3,kuzov-i-optika,kuzovnye-detali,0.837,1,3,,КГ-00132 Пистоны ветровой обшивки Газель | ИН-00693 Пистон крепления эмблемы Рено № 924 | К-00755 Пистон обшивки Ларгус,
seat_heaters|seat_parts|обогрев-сидений|elektrika|prochaya-elektrika,Подогревы сидений,3,elektrika,prochaya-elektrika,0.9,1,3,,"А-01137 Обогрев сидений ""Емеля-2"" (1 шт) | А-01923 Обогрев сидений PSV | А-00790 Обогрев сидений ""Комфорт"" (1 шт)",
seat_heaters|seat_parts|подогрев-сидений|elektrika|prochaya-elektrika,Подогревы сидений,3,elektrika,prochaya-elektrika,0.9,1,3,,"А-01672 Подогрев сидений, к-т | А-00897 Подогрев сидений ""Русская зима"" с регулято | А-01240 Подогрев сидений штатный (все модели ВАЗ),",
active_neighbor|other|active-neighbor-75|dvigatel-i-transmissiya|detali-dvigatelya,Похожие активные товары,3,dvigatel-i-transmissiya,detali-dvigatelya,0.935,1,3,,ДВ-00304 Комплект роликов и шестерен на 16 кл. дв. | ДВ-00500 Рокера 2101-07 СТК | КГ-01293 Клапан обратный д.8 метал,
active_neighbor|other|active-neighbor-85|elektrika|prochaya-elektrika,Похожие активные товары,3,elektrika,prochaya-elektrika,0.94,1,3,,ЗЧМ-00295 Щиток приборов 2141 | ЗЧМ-00460 Щиток приборов 2140-412 | Р-00032 Щиток приборов 2110,
active_neighbor|rings|active-neighbor-100|dvigatel-i-transmissiya|detali-dvigatelya,Похожие активные товары,3,dvigatel-i-transmissiya,detali-dvigatelya,0.94,1,3,,"ЗЧМ-00382 Кольца SM 2141 (85,0) | ДВ-00615 Кольца Прима 76,5 | ДВ-00616 Кольца Прима 77,0",
active_neighbor|other|active-neighbor-75|kuzov-i-optika|zamki-i-ruchki,Похожие активные товары,3,kuzov-i-optika,zamki-i-ruchki,0.935,1,3,,КР-00136 Ручка -поручень 2101-07 | КР-00137 Ручка внутренняя 2105 | КР-00138 Ручка внутренняя 2105,
active_neighbor|nuts|active-neighbor-100|aksessuary|shiny-i-diski,Похожие активные товары,3,aksessuary,shiny-i-diski,0.94,1,3,near_threshold_or_close_candidate,"КГ-00771 Гайка колёс М12х1,5 ключ 19-хомут | КГ-00941 Гайа колеса 12х1.5 с внутр. шестиграннико | КГ-01340 Гайка М10*1 латунь, высокая, ключ 14","КГ-00771 Гайка колёс М12х1,5 ключ 19-хомут"
active_neighbor|pins|active-neighbor-100|podveska|pruzhiny,Похожие активные товары,3,podveska,pruzhiny,0.94,1,3,,КГ-00851 Шплинт 8х80 | КГ-00852 Шплинт 8х50 | КГ-01288 Шплинт 6.3*90,
anti_theft_locks|steering_wheels|замок-на-руль|aksessuary|bezopasnost,Противоугонные замки,3,aksessuary,bezopasnost,0.902,1,3,,"А-00559 Замок на руль | А-01061 Замок на руль ""Райтон"" | А-00970 Замок на руль ""Solex""",
fuel_system|other|форсунка|dvigatel-i-transmissiya|toplivnaya-sistema,Топливная система,3,dvigatel-i-transmissiya,toplivnaya-sistema,0.88,1,3,,ИН-01044 Топливная рампа в сборе с форсунками 16 к | ДВ-00497 Форсунка топливная FL-2 № 449 н. обр. Урбан | ИН-01043 Форсунка бензиновая 16 кл. (к-т 4 шт),
fuel_system|hoses|топливн|dvigatel-i-transmissiya|toplivnaya-sistema,Топливная система,3,dvigatel-i-transmissiya,toplivnaya-sistema,0.8867,1,3,,ДВ-00483 Шланги топливные Приора (за 1 шт) | ДВ-00573 Трубка топливной рампы Приора (за 1 шт) | ДВ-00459 Топливные шланги Нива 21214 (к-т),
throttle_cables|other|тяга-газа|dvigatel-i-transmissiya|toplivnaya-sistema,Тросы газа,3,dvigatel-i-transmissiya,toplivnaya-sistema,0.912,1,3,,ЗЧМ-00409 Тяга газа Москвич 412-2140 в сборе | КР-00014 Тяга газа в сборе Нива | КР-00131 Тяга газа 2101-07,
seat_covers|other|накидки|aksessuary|chehly,Чехлы и накидки сидений,3,aksessuary,chehly,0.881,1,3,,"А-01914 Накидки 3D ""PREMIUM"" PSV коричневые на перед. сидения | А-01933 Накидки меховые ""Автопрофи"", 2 шт | А-02270 Накидки 5D PSV Aspect (черный/кант красный) к-т на весь салон",
legacy_podveska_shlangi-gur|hoses|шланг-гур|podveska|shlangi-gur,Шланги ГУР,3,podveska,shlangi-gur,0.86,1,3,,ХСГ-00481 Шланг ГУР УАЗ | ХСГ-00742 Шланг ГУР ГАЗ-31105 в сборе нагнетат. | ХСГ-01129 Шланг ГУР Г-3302 NEXT сливной с труб.,
sound_insulation|other|виброшумоизоляция|kuzov-i-optika|kuzovnye-detali,Шумоизоляция,3,kuzov-i-optika,kuzovnye-detali,0.88,1,3,,А-01597 Виброшумоизоляция 2 мм (1 лист) | А-01598 Виброшумоизоляция 3 мм (1 лист) | А-01981 Виброшумоизоляция 4 мм,
cleaning_brushes|other|водосгон|aksessuary|prochie-aksessuary,Щетки и скребки для ухода,3,aksessuary,prochie-aksessuary,0.904,1,3,,А-00034 СА-942 Водосгон с нетелескопической ручкой | А-02366 СА-605 Водосгон силиконовый | А-02406 Водосгон с двойным лезвием с банкой,
cooling_fans|ventilation|электровентилятор|dvigatel-i-transmissiya|ohlazhdenie,Электровентиляторы охлаждения,3,dvigatel-i-transmissiya,ohlazhdenie,0.904,1,3,,"ДВ-00341 Электровентилятор Нива 21214 | ДВ-00296 Электровентилятор ВАЗ 2170 ""Panasonic"" | КР-00619 Диффузор под электровентилятор ВАЗ 2107 инжектор",
interior|seat_parts|накладка|kuzov-i-optika|elementy-salona,Элементы салона,3,kuzov-i-optika,elementy-salona,0.85,1,3,,А-00494 Накладка сиденья глухая 21213 Нива | А-00493 Накладка сиденья длинная 21213 Нива | А-00496 Накладка сиденья 2108,
interior|other|бардачок|kuzov-i-optika|elementy-salona,Элементы салона,3,kuzov-i-optika,elementy-salona,0.85,1,3,,"А-00023 Бардачок 2105,06,07 | А-00477 Вещевой бардачок 2105, 2107 | А-00478 Вещевой бардачок 2108",
car_audio|other|колонки-автомобильные|aksessuary|prochie-aksessuary,Автоаудио,2,aksessuary,prochie-aksessuary,0.89,1,2,,"А-00512 Колонки автомобильные ""MRM"" 16 см | А-00680 Колонки автомобильные EPLUTUS ES 500",
small_electrical_gauges|other|тахометр|elektrika|prochaya-elektrika,Автомобильные измерители и приборы,2,elektrika,prochaya-elektrika,0.896,1,2,,А-00600 Тахометр (+ вольтметр и часы) | А-02053 Страбоскоп СТ02 + тахометр,
driver_electronics|driver_electronics|автомобильный-инвертор|aksessuary|prochie-aksessuary,Водительская электроника,2,aksessuary,prochie-aksessuary,0.9,1,2,,А-01631 Автомобильный инвертор 12/220 AVS 600W | А-01633 Автомобильный инвертор 12-220В AVS IN-400Вт,
timing_kit|studs|ролик|dvigatel-i-transmissiya|remni,ГРМ и ролики,2,dvigatel-i-transmissiya,remni,0.91,1,2,,К-00265 Шпилька ролика натяжителя ремня 2108-09 | К-00378 Шпилька ремонтная ролика натяжителя 10*12,
child_seats|child_seats|кресло|aksessuary|bezopasnost,Детские автокресла,2,aksessuary,bezopasnost,0.8455,1,2,,"А-01412 Кресло детское с поддержкой го№515 9-36 кг | А-01186 Детское автомобильное кресло ""SIGER""",
child_seats|other|сидение-детское|aksessuary|bezopasnost,Детские автокресла,2,aksessuary,bezopasnost,0.878,1,2,,"А-01604 Сидение детское ""Смешарики"" | А-00374 Сидение детское мягкое",
led_strips|other|лента|elektrika|osveshchenie,Диодные ленты и доп. освещение,2,elektrika,osveshchenie,0.862,1,2,,А-01716 Набор диодн. лента 12/220 В | А-01476 Лента силиконовая диодная (1 м),
led_strips|other|лента-диодная|elektrika|osveshchenie,Диодные ленты и доп. освещение,2,elektrika,osveshchenie,0.908,1,2,,А-02223 Лента диодная 12V (метал) | А-01078 Лента диодная 50 см,
body_locks_handles|seat_parts|замок|kuzov-i-optika|zamki-i-ruchki,Замки и ручки,2,kuzov-i-optika,zamki-i-ruchki,0.872,1,2,,КР-00078 Замок сиденья зад. 2108 | КР-00477 Замок заднего сиденья 2110,
tools|other|головка|aksessuary|instrumenty,Инструменты,2,aksessuary,instrumenty,0.88,1,2,,ДВ-00209 Головка в сборе 2101-07 | ДВ-00150 Головка 2108 в сборе,
tools|other|ключ|aksessuary|instrumenty,Инструменты,2,aksessuary,instrumenty,0.88,1,2,,К-00122 Заготовки ключей | КГ-00407 Ключ-десятигранник,
reflectors|other|отражатель|kuzov-i-optika|fonari,Катафоты и отражатели,2,kuzov-i-optika,fonari,0.86,1,2,,А-00297 Отражатель солнца большой | А-00537 Отражатель солнца,
wheel_fasteners|nuts|колес|aksessuary|shiny-i-diski,"Колёсные болты, гайки и шпильки",2,aksessuary,shiny-i-diski,0.892,1,2,,"ИН-01533 Гайка крепления колеса М14х1,5 | КГ-00106 Гайка шпилек колес ГАЗ",
wheel_fasteners|bolts|bolts|aksessuary|shiny-i-diski,"Колёсные болты, гайки и шпильки",2,aksessuary,shiny-i-diski,0.872,1,2,,К-00360 Болт под литой диск (хром.) | КГ-00327 Болт крепл. тормоз. диска ГАЗ-3302 №583,
comfort_accessories|other|массажер-на-сидение|aksessuary|prochie-aksessuary,Комфортные аксессуары салона,2,aksessuary,prochie-aksessuary,0.919,1,2,,"А-00700 Массажёр на сидение (нижняя часть) | А-01842 ""NB"" Массажёр на сидение",
comfort_accessories|other|подушка|aksessuary|prochie-aksessuary,Комфортные аксессуары салона,2,aksessuary,prochie-aksessuary,0.842,1,2,,А-00939 Подушка детская автомобильная | А-01699 Подушка надувная под шею,
seat_structural_parts|seat_parts|кронштейн-сиденья|kuzov-i-optika|kuzovnye-detali,Крепления и детали сидений,2,kuzov-i-optika,kuzovnye-detali,0.884,1,2,,КР-00103 Кронштейн сиденья 2108 | КР-00104 Кронштейн сиденья 2101-07,
body_small_exterior|other|уголок|kuzov-i-optika|kuzovnye-detali,Малые кузовные элементы,2,kuzov-i-optika,kuzovnye-detali,0.862,1,2,,О-00008 Уголок задний 2101-07 | О-00007 Уголок передний 2101-06,
body_small_exterior|caps_plugs|жабо|kuzov-i-optika|kuzovnye-detali,Малые кузовные элементы,2,kuzov-i-optika,kuzovnye-detali,0.89,1,2,,К-00615 Заглушка жабо 2110 | К-00886 Заглушка жабо Лада Гранта 2190,
engine_rotating_parts|other|маховик|dvigatel-i-transmissiya|detali-dvigatelya,"Маховики, рокеры и малые детали двигателя",2,dvigatel-i-transmissiya,detali-dvigatelya,0.872,1,2,,ЗЧМ-00205 Маховик Москвич 2141 | ДВ-00423 Маховик Шеви Нива 2123,
engine_rotating_parts|other|сухарик-клапанов|dvigatel-i-transmissiya|detali-dvigatelya,"Маховики, рокеры и малые детали двигателя",2,dvigatel-i-transmissiya,detali-dvigatelya,0.912,1,2,,ДВ-00148 Сухарик клапанов 2112 16 клап. (за 1 шт) | КГ-00289 Сухарик клапанов Зил-130,
generator_hardware|bolts|генер|elektrika|generatory,Метизы генератора,2,elektrika,generatory,0.852,1,2,,"КГ-00894 Болт крепления генер., поддона Г-3302 (д | КГ-01249 Болт крепл. генер. Г-3302 (дв. Камминс 2,8) М10*1,5*120 RS-DETAL",
spring_hardware|other|стремянка|podveska|ressory,Метизы и втулки рессор,2,podveska,ressory,0.872,1,2,,Р-00105 Стремянка Волга (за 1 шт) | ХСГ-01136 Стремянка тяги продольной УАЗ-Хантер,
engine_fasteners|studs|шкив|dvigatel-i-transmissiya|detali-dvigatelya,Метизы и малые детали двигателя,2,dvigatel-i-transmissiya,detali-dvigatelya,0.862,1,2,,К-00488 Шпилька М10*30 шкива р/в 2112 | К-00852 Шпилька М8*80 шкива р/вала 2112,
engine_fasteners|washers|шкив|dvigatel-i-transmissiya|detali-dvigatelya,Метизы и малые детали двигателя,2,dvigatel-i-transmissiya,detali-dvigatelya,0.862,1,2,,К-00781 Шайба шкива к/в 2108 | К-00782 Шайба шкива к/в 2110,
engine_fasteners|bolts|блок|dvigatel-i-transmissiya|detali-dvigatelya,Метизы и малые детали двигателя,2,dvigatel-i-transmissiya,detali-dvigatelya,0.8695,1,2,,КГ-00187 Шайба болта гол. блока ГАЗ (дв. 406) | КГ-00377 Болт М12*100*1.25 крышки к/в к блоку (бол,
engine_fasteners|bolts|голов|dvigatel-i-transmissiya|detali-dvigatelya,Метизы и малые детали двигателя,2,dvigatel-i-transmissiya,detali-dvigatelya,0.888,1,2,,КГ-00895 Болт крепления перед. крышки головки блок | КГ-00337 Болт М18*110*1.5 с отв. в головке,
kpp_hardware|bushings|коробк|dvigatel-i-transmissiya|kpp,Метизы и малые детали КПП,2,dvigatel-i-transmissiya,kpp,0.852,1,2,,ЗЧМ-00084 Втулка удлинителя коробки Москвич 2 шт | ЗЧМ-00497 Втулка траверса коробки Москвич 2140,
kpp_hardware|bolts|коробк|dvigatel-i-transmissiya|kpp,Метизы и малые детали КПП,2,dvigatel-i-transmissiya,kpp,0.852,1,2,,К-00082 Болт коробки ВАЗ верхний 01-07 | К-00096 Болт шестерни коробки ВАЗ,
transmission_hardware|washers|мост|dvigatel-i-transmissiya|detali-transmissii,Метизы и малые детали трансмиссии,2,dvigatel-i-transmissiya,detali-transmissii,0.862,1,2,,КГ-00059 Шайба регулировки моста Газель | КГ-00625 Шайба хвостовика моста УАЗ,
exhaust_hardware|bolts|выпуск|dvigatel-i-transmissiya|vyhlopnaya-sistema,Метизы и хомуты выхлопной системы,2,dvigatel-i-transmissiya,vyhlopnaya-sistema,0.8855,1,2,,"КГ-00395 Болт крепления выпуск. коллектора (дв. Ка | ИН-00740 258-943 Болт системы выпуска Nissan, Lo",
steering_wheel_covers|steering_wheels|оплетка|aksessuary|prochie-aksessuary,Оплетки руля,2,aksessuary,prochie-aksessuary,0.905,1,2,,А-00653 Оплётка на руль (эко-кожа) AVS размер М | А-01964 Оплётка на руль PSV BRAID серая,
cooling_fittings|hoses|отопител|dvigatel-i-transmissiya|patrubki-i-shlangi-ohlazhdeniya,"Патрубки, шланги и штуцеры охлаждения",2,dvigatel-i-transmissiya,patrubki-i-shlangi-ohlazhdeniya,0.912,1,2,,ИН-00098 Патрубок отопителя Рено | ИН-00100 Патрубок отопителя салона Рено,
cooling_fittings|hoses|охлажд|dvigatel-i-transmissiya|patrubki-i-shlangi-ohlazhdeniya,"Патрубки, шланги и штуцеры охлаждения",2,dvigatel-i-transmissiya,patrubki-i-shlangi-ohlazhdeniya,0.912,1,2,,ИН-01600 Патрубок системы охлаждения СН-D057 MATIZ | ИН-01609 KRP193 Патрубок системы охлаждения пластик.,
cooling_fittings|fittings|печк|dvigatel-i-transmissiya|patrubki-i-shlangi-ohlazhdeniya,"Патрубки, шланги и штуцеры охлаждения",2,dvigatel-i-transmissiya,patrubki-i-shlangi-ohlazhdeniya,0.872,1,2,,КГ-00172 Штуцер печки 3110 д. 18 | КГ-01048 Штуцер переход. печки Г-3302 Б+,
cooling_fittings|fittings|тройник|dvigatel-i-transmissiya|patrubki-i-shlangi-ohlazhdeniya,"Патрубки, шланги и штуцеры охлаждения",2,dvigatel-i-transmissiya,patrubki-i-shlangi-ohlazhdeniya,0.872,1,2,,КГ-01037 Тройник патрубков отопителя Г-3302 D=16/1 | КГ-01038 Тройник патрубков отопителя Г-3302 D=18/1,
seat_heaters|seat_parts|подогрев-сиденья|elektrika|prochaya-elektrika,Подогревы сидений,2,elektrika,prochaya-elektrika,0.912,1,2,,А-00580 Подогрев сиденья (от прикур.) | А-00581 Подогрев сиденья (регулируемый),
active_neighbor|other|active-neighbor-80|aksessuary|shiny-i-diski,Похожие активные товары,2,aksessuary,shiny-i-diski,0.938,1,2,,КГ-00969 К-т гаек колёс 12х1.5 | КГ-01043 Уголок-штуцер без гайки 20х20,
active_neighbor|fittings|active-neighbor-100|dvigatel-i-transmissiya|vyhlopnaya-sistema,Похожие активные товары,2,dvigatel-i-transmissiya,vyhlopnaya-sistema,0.94,1,2,,Г-00060 Труба соединительная ПАЗ-32053 с фланцами | Г-00193 Труба соединительная ПАЗ-3205,
active_neighbor|fittings|active-neighbor-75|dvigatel-i-transmissiya|detali-dvigatelya,Похожие активные товары,2,dvigatel-i-transmissiya,detali-dvigatelya,0.935,1,2,,ДВ-00180 Тройник головки 2108 | ДВ-00181 Тройник головки 2101-07,
active_neighbor|bolts|active-neighbor-79|aksessuary|shiny-i-diski,Похожие активные товары,2,aksessuary,shiny-i-diski,0.9372,1,2,,КГ-00110 Болт 12х40х1.25 колеса для проставок | КГ-00140 Болт 12х50х1.25 колеса для проставок,
active_neighbor|nuts|active-neighbor-91|aksessuary|shiny-i-diski,Похожие активные товары,2,aksessuary,shiny-i-diski,0.94,1,2,near_threshold_or_close_candidate,"КГ-00137 Гайка колёс 12х1.5х34 ключ 19 | КГ-00687 Гайка колёс 12х1,5 ключ 21 закр.","КГ-00137 Гайка колёс 12х1.5х34 ключ 19 | КГ-00687 Гайка колёс 12х1,5 ключ 21 закр."
active_neighbor|fittings|active-neighbor-100|aksessuary|shiny-i-diski,Похожие активные товары,2,aksessuary,shiny-i-diski,0.94,1,2,,КГ-00282 Штуцер-тройник 27 ключ | КГ-00480 Штуцер-тройник 22 ключ,
active_neighbor|other|active-neighbor-87|dvigatel-i-transmissiya|vyhlopnaya-sistema,Похожие активные товары,2,dvigatel-i-transmissiya,vyhlopnaya-sistema,0.94,1,2,,КГ-00856 К-т на выпускной коллектор черн. | КГ-00857 К-т на выпускной коллектор ЕВРО,
active_neighbor|studs|active-neighbor-75|dvigatel-i-transmissiya|detali-dvigatelya,Похожие активные товары,2,dvigatel-i-transmissiya,detali-dvigatelya,0.935,1,2,,КГ-01198 Шпилька гол. блока Г-3302 (дв. 4216) М12*104 | КГ-01199 Шпилька гол. блока Г-3302 (дв.4216) М12*118,
active_neighbor|fittings|active-neighbor-78|tormoznaya-sistema|prochaya-tormoznaya-sistema,Похожие активные товары,2,tormoznaya-sistema,prochaya-tormoznaya-sistema,0.9367,1,2,,"КГ-01262 Фитинг 16х10 ЕВРО латунь | КГ-01332 Фитинг прямой, угловой Ф-14",
active_neighbor|fittings|active-neighbor-89|tormoznaya-sistema|prochaya-tormoznaya-sistema,Похожие активные товары,2,tormoznaya-sistema,prochaya-tormoznaya-sistema,0.94,1,2,,КГ-01318 Фитинг латунный прямой 10х8 | КГ-01319 Фитинг латунный прямой 20х12,
active_neighbor|other|active-neighbor-81|kuzov-i-optika|zamki-i-ruchki,Похожие активные товары,2,kuzov-i-optika,zamki-i-ruchki,0.9388,1,2,,КР-00198 Накладки верх. ручки 2101 | КР-00199 Накладки верх. ручки 2108,
distributor_drive_parts|ignition_distributor|привод-трамблера|dvigatel-i-transmissiya|detali-dvigatelya,Привод трамблера,2,dvigatel-i-transmissiya,detali-dvigatelya,0.929,1,2,,ДВ-00322 Привод трамблера 2108 в сборе | ЗЧМ-00039 Привод трамблера Москвич,
oil_pan_plugs|caps_plugs|пробка|dvigatel-i-transmissiya|detali-dvigatelya,Пробки поддона,2,dvigatel-i-transmissiya,detali-dvigatelya,0.872,1,2,,"КГ-00745 Пробка М28х1.5 поддона картера | КГ-01209 и131 Пробка 14*12*1,5 поддона ГАЗ 3302 NEXT Evo Tech 2.7",
wiring|other|жгут|elektrika|provodka,Проводка,2,elektrika,provodka,0.87,1,2,,"А-00119 Клей резиновый для жгутиков | А-02462 Набор для ремонта шин AVS RK-605 (клей, 5 жгутов)",
electrical_misc|heater_parts|переключатель|elektrika|prochaya-elektrika,Прочая электрика,2,elektrika,prochaya-elektrika,0.85,1,2,,ЗЧМ-00316 Переключатель печки 2141 | ЗЧМ-00646 Переключатель печки Москвич 412,
steering_wheels|steering_wheels|руль-2110|kuzov-i-optika|kuzovnye-detali,Рули и рулевые колеса,2,kuzov-i-optika,kuzovnye-detali,0.86,1,2,,А-00948 Руль 2110 н/обр. | А-00230 Руль 2110,
care_consumables|other|микрофибра|aksessuary|prochie-aksessuary,Салфетки и расходники ухода,2,aksessuary,prochie-aksessuary,0.89,1,2,,"А-02414 DETAIL Микрофибра PW ""Plush Wipe"" 40х40 см | А-02415 AUTECH Микрофибра набор для нанесения защитного состава 12х12 см",
body_glass|other|ветр|kuzov-i-optika|stekla,Стекла,2,kuzov-i-optika,stekla,0.872,1,2,,О-00427 Стекло ветр. КАМАЗ | О-00553 Стекло ветр. ГАЗ-3307,
body_glass|other|зад|kuzov-i-optika|stekla,Стекла,2,kuzov-i-optika,stekla,0.912,1,2,,"О-00903 Стекло Лада ""Ларгус"" (RF90) заднее левое ЭО | О-00904 Стекло Лада ""Ларгус"" заднее правое",
wiper|nuts|стеклооч|aksessuary|prochie-aksessuary,Стеклоочистители,2,aksessuary,prochie-aksessuary,0.912,1,2,,К-00156 Гайка поводка стеклоочистителя 2101-07 | К-00165 Гайка поводка стеклоочистителя 2101-07 лат,
stop_lights|other|стоп-сигнал|kuzov-i-optika|fonari,Стоп-сигналы,2,kuzov-i-optika,fonari,0.9,1,2,,А-00276 Стоп-сигнал (рука) | А-00355 Стоп-сигнал,
safety_stands|other|подставка-страховочная|aksessuary|bezopasnost,Страховочные подставки,2,aksessuary,bezopasnost,0.902,1,2,,"А-00874 Подставка страховочная складная 2 т, 230-370мм, 2 шт AVS AS-02S | А-02258 Подставка страховочная 3 т, 280-410 мм, 2 шт с доп. фиксатором AVS AS-03",
fuel_system|rings|форсунки|dvigatel-i-transmissiya|toplivnaya-sistema,Топливная система,2,dvigatel-i-transmissiya,toplivnaya-sistema,0.87,1,2,,"КГ-01337 Уплотнительное кольцо топливной форсунки 7,7х13х2х2,5 мм 627.410 | ДВ-00254 Кольцо форсунки ВАЗ 2110 (1 шт)",
fuel_system|fittings|топливн|dvigatel-i-transmissiya|toplivnaya-sistema,Топливная система,2,dvigatel-i-transmissiya,toplivnaya-sistema,0.87,1,2,,"ДВ-00730 Штуцер топливных трубок Гранта прямой | КГ-01400 Штуцер топливной трубки прямой ""папа"" (быстросъёмный) D8 Е-3 с резьбой",
fuel_system|nuts|топливная|dvigatel-i-transmissiya|toplivnaya-sistema,Топливная система,2,dvigatel-i-transmissiya,toplivnaya-sistema,0.87,1,2,,КГ-00497 Гайка топливная упорная М18 под трубку М12 | КГ-00498 Гайка топливная упорная М24 под трубку М1,
fuel_management|other|экономайзер|dvigatel-i-transmissiya|toplivnaya-sistema,Узлы топливной системы,2,dvigatel-i-transmissiya,toplivnaya-sistema,0.86,1,2,,РГ-00075 Экономайзер пустой К-151 | ЗЧМ-00270 Экономайзер Москвич,
central_locking|other|привод-центрального-замка|elektrika|prochaya-elektrika,Центральный замок,2,elektrika,prochaya-elektrika,0.9,1,2,,А-00352 Привод центрального замка | А-00618 Привод центрального замка (5 выводов),
central_locking|other|центральный-замок|elektrika|prochaya-elektrika,Центральный замок,2,elektrika,prochaya-elektrika,0.912,1,2,,"А-00568 Центральный замок набор ""Вымпел 56"" | А-01197 Центральный замок Exposer KM-25",
seat_covers|seat_parts|накидка|aksessuary|chehly,Чехлы и накидки сидений,2,aksessuary,chehly,0.899,1,2,,"А-01757 Накидка на сиденье ""КОТО"" | А-01934 Накидка на сиденье ""ALCANTRA""",
wheel_accessories|other|колпак|aksessuary|shiny-i-diski,Шины и диски,2,aksessuary,shiny-i-diski,0.8815,1,2,,А-01183 Защитный колпак колесного диска | ИН-00905 Колпак колес Рено средний,
legacy_podveska_shlangi-gur|hoses|шланг-гура|podveska|shlangi-gur,Шланги ГУР,2,podveska,shlangi-gur,0.86,1,2,,"ХСГ-00524 Шланг Гура ГАЗ-66 | ХСГ-01336 Шланг Гура ГАЗ-66, за 1 шт",
cooling_fans|ventilation|вентилятор|dvigatel-i-transmissiya|ohlazhdenie,Электровентиляторы охлаждения,2,dvigatel-i-transmissiya,ohlazhdenie,0.872,1,2,,ДВ-00104 Диффузор вентилятора Нива | ДВ-00728 Крыльчатка вентилятора Нива 6 лопостей,
document_accessories|document_accessories|футляр-для-очков|aksessuary|organayzery,Автодокументы и футляры,1,aksessuary,organayzery,0.872,1,1,,А-00519 Футляр для очков,
small_electrical_gauges|other|термометр|elektrika|prochaya-elektrika,Автомобильные измерители и приборы,1,elektrika,prochaya-elektrika,0.862,1,1,,"А-00639 Термометр (внутр., наружный)",
small_electrical_gauges|other|вольтметр|elektrika|prochaya-elektrika,Автомобильные измерители и приборы,1,elektrika,prochaya-elektrika,0.862,1,1,,А-02046 USB с вольтметром (врезной),
small_electrical_gauges|other|вольтметр-врезной|elektrika|prochaya-elektrika,Автомобильные измерители и приборы,1,elektrika,prochaya-elektrika,0.902,1,1,,А-02197 Вольтметр врезной большой,
auto_chemistry|other|очиститель|aksessuary|avtohimiya,Автохимия,1,aksessuary,avtohimiya,0.9,1,1,,А-02229 Очиститель рук спрей SG201,
accessory_electronics|other|навигатор|aksessuary|prochie-aksessuary,Автоэлектроника и устройства,1,aksessuary,prochie-aksessuary,0.85,1,1,,"А-01359 Навигатор ""Pioneer"" GPS 702",
driver_electronics|other|телевизор|aksessuary|prochie-aksessuary,Водительская электроника,1,aksessuary,prochie-aksessuary,0.842,1,1,,А-01540 Телевизор автомобильный 7057,
air_intake_engine_parts|other|отвод-воздухоочистителя|dvigatel-i-transmissiya|detali-dvigatelya,Воздухоочистители и впуск,1,dvigatel-i-transmissiya,detali-dvigatelya,0.885,1,1,,ДВ-00280 Отвод воздухоочистителя 2108-09,
air_intake_engine_parts|studs|коллектор|dvigatel-i-transmissiya|detali-dvigatelya,Воздухоочистители и впуск,1,dvigatel-i-transmissiya,detali-dvigatelya,0.872,1,1,near_threshold_or_close_candidate,"К-00851 Шпилька М8*32/47 впускного коллектора КАЛИНА, 2110","К-00851 Шпилька М8*32/47 впускного коллектора КАЛИНА, 2110"
timing_kit|washers|ролик|dvigatel-i-transmissiya|remni,ГРМ и ролики,1,dvigatel-i-transmissiya,remni,0.91,1,1,,К-00423 Шайба волнистая ролика натяжителя М10Х21,
timing_kit|nuts|ролик|dvigatel-i-transmissiya|remni,ГРМ и ролики,1,dvigatel-i-transmissiya,remni,0.91,1,1,,К-00641 Гайка М10 с буртиком натяжного ролика Шевр,
washing_sponges|washing_sponges|губка-для-мытья|aksessuary|prochie-aksessuary,Губки и расходники мойки,1,aksessuary,prochie-aksessuary,0.872,1,1,,А-00178 Губка для мытья машины,
washing_sponges|washing_sponges|губка-для-пластика|aksessuary|prochie-aksessuary,Губки и расходники мойки,1,aksessuary,prochie-aksessuary,0.872,1,1,,А-00179 Губка для пластика,
washing_sponges|washing_sponges|швабра-для-мытья|aksessuary|prochie-aksessuary,Губки и расходники мойки,1,aksessuary,prochie-aksessuary,0.872,1,1,,А-01026 Швабра для мытья (большая) 646,
sensor|fittings|дмрв|elektrika|datchiki,Датчики,1,elektrika,datchiki,0.87,1,1,,ДВ-00315 Кольцо ДМРВ соединительное ВАЗ,
sensor|rings|рхх|elektrika|datchiki,Датчики,1,elektrika,datchiki,0.87,1,1,,КГ-01210 Кольцо уплотнит. РХХ УАЗ (дв.4091),
headlight_decor|other|накладка-фар|kuzov-i-optika|obves-i-dekor,Декор и ободки фар,1,kuzov-i-optika,obves-i-dekor,0.902,1,1,,А-02022 Накладка фар Приора верх.,
headlight_decor|other|надставка-фар|kuzov-i-optika|obves-i-dekor,Декор и ободки фар,1,kuzov-i-optika,obves-i-dekor,0.902,1,1,,А-02333 Надставка фар (реснички) нов. обр. 21230,
axle_bridge_parts|studs|переднего-моста|dvigatel-i-transmissiya|detali-transmissii,Детали мостов,1,dvigatel-i-transmissiya,detali-transmissii,0.912,1,1,,К-00426 Шпилька М12х40 переднего моста Нива,
child_seats|child_seats|детское-кресло|aksessuary|bezopasnost,Детские автокресла,1,aksessuary,bezopasnost,0.884,1,1,,А-00921 Детское кресло 15-36 кг,
child_seats|child_seats|детское-автокресло|aksessuary|bezopasnost,Детские автокресла,1,aksessuary,bezopasnost,0.884,1,1,,А-00944 Детское автокресло (люлька),
child_seats|child_seats|автокресло|aksessuary|bezopasnost,Детские автокресла,1,aksessuary,bezopasnost,0.832,1,1,,А-01192 Автокресло детское 0-13 кг,
led_strips|other|диодная-лента|elektrika|osveshchenie,Диодные ленты и доп. освещение,1,elektrika,osveshchenie,0.902,1,1,,А-01381 Диодная лента с регулятором,
auxiliary_lighting|other|маяк-проблесковый|elektrika|osveshchenie,Дополнительное освещение,1,elektrika,osveshchenie,0.89,1,1,,А-01348 Маяк проблесковый стационарный,
auxiliary_lighting|other|маяк|elektrika|osveshchenie,Дополнительное освещение,1,elektrika,osveshchenie,0.889,1,1,,А-01532 Маяк импульсный (желтый) 12-24 V,
auxiliary_lighting|other|маяк-на-магните|elektrika|osveshchenie,Дополнительное освещение,1,elektrika,osveshchenie,0.914,1,1,,А-02321 Маяк на магните 12-24 №911,
auxiliary_lighting|other|подсветка|elektrika|osveshchenie,Дополнительное освещение,1,elektrika,osveshchenie,0.862,1,1,,О-00166 Подсветка 2410,
automotive_horns|other|сигналы-3-рожка|aksessuary|prochie-aksessuary,Звуковые сигналы,1,aksessuary,prochie-aksessuary,0.902,1,1,,А-00255 Сигналы 3 рожка 12/24 V,
automotive_horns|other|ревун|aksessuary|prochie-aksessuary,Звуковые сигналы,1,aksessuary,prochie-aksessuary,0.862,1,1,,А-00391 Ревун-сигнал,
tools|hoses|щуп|aksessuary|instrumenty,Инструменты,1,aksessuary,instrumenty,0.88,1,1,,ЗЧМ-00079 Трубка щупа Москвич,
tools|screws|ключ|aksessuary|instrumenty,Инструменты,1,aksessuary,instrumenty,0.88,1,1,,К-00159 Саморез под ключ М 8,
tools|bolts|ключ|aksessuary|instrumenty,Инструменты,1,aksessuary,instrumenty,0.88,1,1,,К-00920 Винт 6*21 (звёздочка) под ключ с шайбой крыла Веста,
floor_mats|other|ковер|aksessuary|kovriki,Коврики и ковры,1,aksessuary,kovriki,0.887,1,1,,"А-02199 Ковёр EVA 1,5х2 м",
comfort_accessories|other|подушка-на-подголовник|aksessuary|prochie-aksessuary,Комфортные аксессуары салона,1,aksessuary,prochie-aksessuary,0.882,1,1,,А-00556 Подушка на подголовник (животные),
comfort_accessories|seat_parts|подголовник|aksessuary|prochie-aksessuary,Комфортные аксессуары салона,1,aksessuary,prochie-aksessuary,0.881,1,1,,А-00811 Подголовники на сиденья,
comfort_accessories|other|массажер|aksessuary|prochie-aksessuary,Комфортные аксессуары салона,1,aksessuary,prochie-aksessuary,0.857,1,1,,А-01603 Массажер-косточки в пакете (1 шт),
comfort_accessories|seat_parts|подушка|aksessuary|prochie-aksessuary,Комфортные аксессуары салона,1,aksessuary,prochie-aksessuary,0.881,1,1,,А-01741 Подушка сиденья массажная,
comfort_accessories|other|подушка-под-шею|aksessuary|prochie-aksessuary,Комфортные аксессуары салона,1,aksessuary,prochie-aksessuary,0.882,1,1,,А-02155 Подушка под шею (клетка),
comfort_accessories|bushings|подголовник|aksessuary|prochie-aksessuary,Комфортные аксессуары салона,1,aksessuary,prochie-aksessuary,0.842,1,1,,ЗЧМ-00467 Втулка подголовника 2141,
kpp_parts|other|коробка|dvigatel-i-transmissiya|kpp,КПП,1,dvigatel-i-transmissiya,kpp,0.85,1,1,,ЗЧМ-00308 Коробка Москвич 2140,
kpp_parts|other|коробки-передач|dvigatel-i-transmissiya|kpp,КПП,1,dvigatel-i-transmissiya,kpp,0.875,1,1,,"А-02328 ""Мультилок"" Запор коробки передач",
kpp_parts|bolts|кулис|dvigatel-i-transmissiya|kpp,КПП,1,dvigatel-i-transmissiya,kpp,0.85,1,1,,К-00306 Болт кулисы ВАЗ 2110,
seat_structural_parts|seat_parts|перемычка-сидений|kuzov-i-optika|kuzovnye-detali,Крепления и детали сидений,1,kuzov-i-optika,kuzovnye-detali,0.872,1,1,,ОК-00334 Перемычка сидений Ока (метал),
seat_structural_parts|seat_parts|фиксатор-сиденья|kuzov-i-optika|kuzovnye-detali,Крепления и детали сидений,1,kuzov-i-optika,kuzovnye-detali,0.884,1,1,,КР-00045 Фиксатор сиденья пластмас.,
seat_structural_parts|seat_parts|гребенка-сиденья|kuzov-i-optika|kuzovnye-detali,Крепления и детали сидений,1,kuzov-i-optika,kuzovnye-detali,0.884,1,1,,КР-00125 Гребенка сиденья 2101-07,
seat_structural_parts|seat_parts|вал|kuzov-i-optika|kuzovnye-detali,Крепления и детали сидений,1,kuzov-i-optika,kuzovnye-detali,0.859,1,1,,КР-00126 Вал сиденья 2101-07,
seat_structural_parts|seat_parts|сидень|kuzov-i-optika|kuzovnye-detali,Крепления и детали сидений,1,kuzov-i-optika,kuzovnye-detali,0.859,1,1,,КР-00185 Кронштейн регулировки сиденья 2108 (нов.,
seat_structural_parts|seat_parts|скоба|kuzov-i-optika|kuzovnye-detali,Крепления и детали сидений,1,kuzov-i-optika,kuzovnye-detali,0.859,1,1,,КР-00240 Скоба упора зад. сиденья Нива,
seat_structural_parts|other|сиден|kuzov-i-optika|kuzovnye-detali,Крепления и детали сидений,1,kuzov-i-optika,kuzovnye-detali,0.859,1,1,,КР-00450 Кронштейн сидения 2108-2110 в сборе метал,
body_air_intakes|other|воздухозаборники-хром|kuzov-i-optika|kuzovnye-detali,Кузовные воздухозаборники,1,kuzov-i-optika,kuzovnye-detali,0.89,1,1,,А-00213 Воздухозаборники хром 2101-07 н/о,
body_air_intakes|caps_plugs|воздухозаборник|kuzov-i-optika|kuzovnye-detali,Кузовные воздухозаборники,1,kuzov-i-optika,kuzovnye-detali,0.85,1,1,,К-00446 Заглушка воздухозаборника 2110,
body_exterior|other|арка|kuzov-i-optika|kuzovnye-detali,Кузовные детали,1,kuzov-i-optika,kuzovnye-detali,0.85,1,1,,А-01793 Арка колёс Волга 4 шт,
body_small_exterior|other|форточка-раздвижная|kuzov-i-optika|kuzovnye-detali,Малые кузовные элементы,1,kuzov-i-optika,kuzovnye-detali,0.914,1,1,,О-00550 Форточка раздвижная боковая зад. Нива,
body_small_exterior|other|боковина-левая|kuzov-i-optika|kuzovnye-detali,Малые кузовные элементы,1,kuzov-i-optika,kuzovnye-detali,0.914,1,1,,"ОК-00128 Боковина левая, правая",
engine_rotating_parts|other|роккера|dvigatel-i-transmissiya|detali-dvigatelya,"Маховики, рокеры и малые детали двигателя",1,dvigatel-i-transmissiya,detali-dvigatelya,0.872,1,1,,ДВ-00647 Роккера Нива 21214,
engine_rotating_parts|other|рокера|dvigatel-i-transmissiya|detali-dvigatelya,"Маховики, рокеры и малые детали двигателя",1,dvigatel-i-transmissiya,detali-dvigatelya,0.9,1,1,,ДВ-00044 Рокера 2101-07 Тольятти,
engine_rotating_parts|other|венец-маховика|dvigatel-i-transmissiya|detali-dvigatelya,"Маховики, рокеры и малые детали двигателя",1,dvigatel-i-transmissiya,detali-dvigatelya,0.912,1,1,,ЗЧМ-00179 Венец маховика Москвич,
engine_rotating_parts|bolts|маховик|dvigatel-i-transmissiya|detali-dvigatelya,"Маховики, рокеры и малые детали двигателя",1,dvigatel-i-transmissiya,detali-dvigatelya,0.872,1,1,,К-00061 Болт маховика ВАЗ 01-08,
engine_rotating_parts|other|сухарик|dvigatel-i-transmissiya|detali-dvigatelya,"Маховики, рокеры и малые детали двигателя",1,dvigatel-i-transmissiya,detali-dvigatelya,0.887,1,1,,КГ-00081 Сухарики клапанов Волга,
engine_fasteners|nuts|блок|dvigatel-i-transmissiya|detali-dvigatelya,Метизы и малые детали двигателя,1,dvigatel-i-transmissiya,detali-dvigatelya,0.862,1,1,,ЗЧМ-00524 Гайка шпилек гол. блока Москвич,
engine_fasteners|studs|блок|dvigatel-i-transmissiya|detali-dvigatelya,Метизы и малые детали двигателя,1,dvigatel-i-transmissiya,detali-dvigatelya,0.862,1,1,,ЗЧМ-00522 Шпилька блока Москвич,
engine_fasteners|studs|клапан|dvigatel-i-transmissiya|detali-dvigatelya,Метизы и малые детали двигателя,1,dvigatel-i-transmissiya,detali-dvigatelya,0.862,1,1,,К-00033 Шпилька М 6 д. крышки клапанной ВАЗ 301-08,
engine_fasteners|washers|маховик|dvigatel-i-transmissiya|detali-dvigatelya,Метизы и малые детали двигателя,1,dvigatel-i-transmissiya,detali-dvigatelya,0.862,1,1,,КГ-00035 Шайба стопорная маховика ГАЗ,
engine_fasteners|caps_plugs|заглушка-блока|dvigatel-i-transmissiya|detali-dvigatelya,Метизы и малые детали двигателя,1,dvigatel-i-transmissiya,detali-dvigatelya,0.902,1,1,,КГ-01126 Заглушка блока цил. Г-3302 (дв.4216) D=30,
kpp_hardware|washers|коробк|dvigatel-i-transmissiya|kpp,Метизы и малые детали КПП,1,dvigatel-i-transmissiya,kpp,0.852,1,1,,К-00047 Шайба стопорная втор. вала коробки ВАЗ,
kpp_hardware|nuts|коробк|dvigatel-i-transmissiya|kpp,Метизы и малые детали КПП,1,dvigatel-i-transmissiya,kpp,0.852,1,1,,К-00084 Гайка втор. вала коробки ВАЗ 01-07,
kpp_hardware|nuts|вторичн|dvigatel-i-transmissiya|kpp,Метизы и малые детали КПП,1,dvigatel-i-transmissiya,kpp,0.852,1,1,,К-00314 Гайка вторичного вала 2108,
kpp_hardware|studs|коробк|dvigatel-i-transmissiya|kpp,Метизы и малые детали КПП,1,dvigatel-i-transmissiya,kpp,0.852,1,1,,КГ-00024 Шпилька коробки Волга М12х32х1.25,
kpp_hardware|rings|коробк|dvigatel-i-transmissiya|kpp,Метизы и малые детали КПП,1,dvigatel-i-transmissiya,kpp,0.852,1,1,,КГ-00040 Стопорное кольцо коробки ГАЗ,
transmission_hardware|nuts|гайка-хвостовика|dvigatel-i-transmissiya|detali-transmissii,Метизы и малые детали трансмиссии,1,dvigatel-i-transmissiya,detali-transmissii,0.89,1,1,,К-00121 Гайка хвостовика ВАЗ 01-07,
transmission_hardware|bolts|мост|dvigatel-i-transmissiya|detali-transmissii,Метизы и малые детали трансмиссии,1,dvigatel-i-transmissiya,detali-transmissii,0.862,1,1,,КГ-00046 Болт крепления моста УАЗ,
transmission_hardware|studs|мост|dvigatel-i-transmissiya|detali-transmissii,Метизы и малые детали трансмиссии,1,dvigatel-i-transmissiya,detali-transmissii,0.862,1,1,,КГ-00381 Шпилька М16*35*1.5 карт. сц. карт. з/мост,
transmission_hardware|nuts|раздат|dvigatel-i-transmissiya|detali-transmissii,Метизы и малые детали трансмиссии,1,dvigatel-i-transmissiya,detali-transmissii,0.862,1,1,near_threshold_or_close_candidate,КГ-00488 Гайка М33*1.5 раздаточной коробки,КГ-00488 Гайка М33*1.5 раздаточной коробки
transmission_hardware|nuts|мост|dvigatel-i-transmissiya|detali-transmissii,Метизы и малые детали трансмиссии,1,dvigatel-i-transmissiya,detali-transmissii,0.862,1,1,,КГ-00489 Гайка М33*1.5 флянца вала пром. моста,
transmission_hardware|bolts|дифференциал|dvigatel-i-transmissiya|detali-transmissii,Метизы и малые детали трансмиссии,1,dvigatel-i-transmissiya,detali-transmissii,0.862,1,1,,КГ-00570 Болт дифференциала Бычок н. обр. М-12х90х1.25,
exhaust_hardware|rings|приемн|dvigatel-i-transmissiya|vyhlopnaya-sistema,Метизы и хомуты выхлопной системы,1,dvigatel-i-transmissiya,vyhlopnaya-sistema,0.872,1,1,,ИН-01074 Кольцо приемной трубы Рено завод (16 кл),
exhaust_hardware|studs|приемн|dvigatel-i-transmissiya|vyhlopnaya-sistema,Метизы и хомуты выхлопной системы,1,dvigatel-i-transmissiya,vyhlopnaya-sistema,0.872,1,1,,КГ-00601 Шпилька приемной трубы ЗИЛ-130,
exhaust_hardware|bolts|приемн|dvigatel-i-transmissiya|vyhlopnaya-sistema,Метизы и хомуты выхлопной системы,1,dvigatel-i-transmissiya,vyhlopnaya-sistema,0.887,1,1,,К-00472 Болт кронштейна приемной трубы 2101-07,
timing_chain_parts|bolts|башмак|dvigatel-i-transmissiya|detali-dvigatelya,Натяжители и элементы цепи,1,dvigatel-i-transmissiya,detali-dvigatelya,0.882,1,1,,К-00098 Болт башмака цепи ВАЗ 01-07,
body_decor|other|накладка|kuzov-i-optika|obves-i-dekor,Обвес и декор,1,kuzov-i-optika,obves-i-dekor,0.862,1,1,near_threshold_or_close_candidate,А-00183 Накладка воздухозаборника Нива (боковая),А-00183 Накладка воздухозаборника Нива (боковая)
storage_accessories|other|сумка-автомобилиста|aksessuary|organayzery,Органайзеры и сумки,1,aksessuary,organayzery,0.902,1,1,,А-00153 Сумка автомобилиста,
storage_accessories|other|карман-под-телефон|aksessuary|organayzery,Органайзеры и сумки,1,aksessuary,organayzery,0.902,1,1,,А-01002 Карман под телефон,
storage_accessories|other|сумка|aksessuary|organayzery,Органайзеры и сумки,1,aksessuary,organayzery,0.862,1,1,,А-01254 Сумка для CD-дисков,
storage_accessories|other|термосумка|aksessuary|organayzery,Органайзеры и сумки,1,aksessuary,organayzery,0.89,1,1,,А-01871 Термосумка 18 л,
cooling_fittings|hoses|печк|dvigatel-i-transmissiya|patrubki-i-shlangi-ohlazhdeniya,"Патрубки, шланги и штуцеры охлаждения",1,dvigatel-i-transmissiya,patrubki-i-shlangi-ohlazhdeniya,0.872,1,1,,ЗЧМ-00469 Резинка шлангов печки 2141,
printed_accessories|other|книги-за-рулем|aksessuary|prochie-aksessuary,Печатные материалы,1,aksessuary,prochie-aksessuary,0.88,1,1,,"А-00567 Книги ""За рулём "" ВАЗ",
printed_accessories|other|книги-волга|aksessuary|prochie-aksessuary,Печатные материалы,1,aksessuary,prochie-aksessuary,0.88,1,1,,"А-00181 Книги ""Волга"", ВАЗ",
printed_accessories|other|книги-иномарки|aksessuary|prochie-aksessuary,Печатные материалы,1,aksessuary,prochie-aksessuary,0.88,1,1,,"А-00185 Книги ""Иномарки""",
printed_accessories|other|книг|aksessuary|prochie-aksessuary,Печатные материалы,1,aksessuary,prochie-aksessuary,0.84,1,1,,"А-00571 Книги ""ОДА""",
body_clips|other|скоба-крепления-панели|kuzov-i-optika|kuzovnye-detali,Пистоны и фиксаторы кузова,1,kuzov-i-optika,kuzovnye-detali,0.872,1,1,,К-00444 Скоба крепления панели приборов 2108,
active_neighbor|other|active-neighbor-83|kuzov-i-optika|kuzovnye-detali,Похожие активные товары,1,kuzov-i-optika,kuzovnye-detali,0.94,1,1,,А-00480 Полка задней панели ВАЗ 2101-07,
active_neighbor|other|active-neighbor-78|elektrika|prochaya-elektrika,Похожие активные товары,1,elektrika,prochaya-elektrika,0.9367,1,1,,"ЗЧМ-00071 Переключатель салонный 2141, 1 шт",
active_neighbor|other|active-neighbor-77|dvigatel-i-transmissiya|detali-transmissii,Похожие активные товары,1,dvigatel-i-transmissiya,detali-transmissii,0.9362,1,1,,ИН-00528 Пыльник NSHB B10RSF,
active_neighbor|other|active-neighbor-83|dvigatel-i-transmissiya|remni,Похожие активные товары,1,dvigatel-i-transmissiya,remni,0.94,1,1,,ИН-00640 Т36413 Ролик ремня приводного RENAULT LOG,
active_neighbor|other|active-neighbor-86|dvigatel-i-transmissiya|vyhlopnaya-sistema,Похожие активные товары,1,dvigatel-i-transmissiya,vyhlopnaya-sistema,0.94,1,1,,ИН-00982 Выпускной коллектор 034162,
active_neighbor|fittings|active-neighbor-75|aksessuary|shiny-i-diski,Похожие активные товары,1,aksessuary,shiny-i-diski,0.935,1,1,,КГ-00714 Ключ (переходник) 17 хром,
active_neighbor|other|active-neighbor-88|kuzov-i-optika|stekla,Похожие активные товары,1,kuzov-i-optika,stekla,0.94,1,1,,О-00235 Стекло 2101 заднее с обогревом,
active_neighbor|other|active-neighbor-78|kuzov-i-optika|kuzovnye-detali,Похожие активные товары,1,kuzov-i-optika,kuzovnye-detali,0.9367,1,1,,Р-00011 Трос спидометра ЗАЗ,
active_neighbor|other|active-neighbor-83|podveska|stoyki,Похожие активные товары,1,podveska,stoyki,0.94,1,1,,ХС-00414 Растяжка стоек 2110 16 кл.,
active_neighbor|hoses|active-neighbor-89|dvigatel-i-transmissiya|nasosy,Похожие активные товары,1,dvigatel-i-transmissiya,nasosy,0.94,1,1,,ХСГ-01224 Трубка ГУР низкого давления (116),
active_neighbor|other|active-neighbor-88|aksessuary|instrumenty,Похожие активные товары,1,aksessuary,instrumenty,0.94,1,1,,А-00684 Бархотки стёкол внутр. 2110,
active_neighbor|caps_plugs|active-neighbor-100|aksessuary|bezopasnost,Похожие активные товары,1,aksessuary,bezopasnost,0.94,1,1,,А-01256 Заглушка ремня (металл),
active_neighbor|other|active-neighbor-83|aksessuary|instrumenty,Похожие активные товары,1,aksessuary,instrumenty,0.94,1,1,,А-01509 Уплотнитель стекла 21213 низ. хром (к-т),
active_neighbor|other|active-neighbor-75|aksessuary|instrumenty,Похожие активные товары,1,aksessuary,instrumenty,0.935,1,1,,А-01951 Накладки фар к-т (реснички) крашеные,
active_neighbor|other|active-neighbor-86|kuzov-i-optika|stekla,Похожие активные товары,1,kuzov-i-optika,stekla,0.94,1,1,,А-02185 Козырёк на заднее стекло ВАЗ,
active_neighbor|screws|active-neighbor-80|aksessuary|instrumenty,Похожие активные товары,1,aksessuary,instrumenty,0.938,1,1,,А-02275 Саморез для ремонта шин,
active_neighbor|fittings|active-neighbor-96|dvigatel-i-transmissiya|vyhlopnaya-sistema,Похожие активные товары,1,dvigatel-i-transmissiya,vyhlopnaya-sistema,0.94,1,1,,Г-00200 Труба соединительная КАМАЗ,
active_neighbor|other|active-neighbor-83|dvigatel-i-transmissiya|detali-dvigatelya,Похожие активные товары,1,dvigatel-i-transmissiya,detali-dvigatelya,0.94,1,1,,ДВ-00096 Клапан адсорбера 2110,
active_neighbor|other|active-neighbor-75|dvigatel-i-transmissiya|remni,Похожие активные товары,1,dvigatel-i-transmissiya,remni,0.935,1,1,,"ДВ-00184 Цепь ""САЧ"" 2103",
active_neighbor|rings|active-neighbor-94|dvigatel-i-transmissiya|detali-dvigatelya,Похожие активные товары,1,dvigatel-i-transmissiya,detali-dvigatelya,0.94,1,1,,"ДВ-00342 Кольца (""Голденшмит"", Германия)",
active_neighbor|rings|active-neighbor-89|dvigatel-i-transmissiya|detali-dvigatelya,Похожие активные товары,1,dvigatel-i-transmissiya,detali-dvigatelya,0.94,1,1,,ДВ-00480 Кольца ЛАДА-Приора,
active_neighbor|rings|active-neighbor-88|dvigatel-i-transmissiya|detali-dvigatelya,Похожие активные товары,1,dvigatel-i-transmissiya,detali-dvigatelya,0.94,1,1,,ДВ-00705 Кольца кондиционера (1 шт),
active_neighbor|other|active-neighbor-75|dvigatel-i-transmissiya|nasosy,Похожие активные товары,1,dvigatel-i-transmissiya,nasosy,0.935,1,1,,ДВ-00768 Клапан 11182 АвтоВАЗ,
active_neighbor|caps_plugs|active-neighbor-100|filtry-i-masla|maslyanye-filtry,Похожие активные товары,1,filtry-i-masla,maslyanye-filtry,0.94,1,1,,"ИН-00766 Резьбовая пробка, масляный поддон 732.122",
active_neighbor|caps_plugs|active-neighbor-100|dvigatel-i-transmissiya|prokladki,Похожие активные товары,1,dvigatel-i-transmissiya,prokladki,0.94,1,1,,ИН-01644 Пробка поддона М16х1.5,
active_neighbor|caps_plugs|active-neighbor-92|dvigatel-i-transmissiya|detali-dvigatelya,Похожие активные товары,1,dvigatel-i-transmissiya,detali-dvigatelya,0.94,1,1,,К-00042 Пробка блока ВАЗ 01-08,
active_neighbor|studs|active-neighbor-75|dvigatel-i-transmissiya|toplivnaya-sistema,Похожие активные товары,1,dvigatel-i-transmissiya,toplivnaya-sistema,0.935,1,1,,К-00071 Шпилька коллектора ВАЗ 01-08,
active_neighbor|body_clips|active-neighbor-75|podveska|rulevye-nakonechniki,Похожие активные товары,1,podveska,rulevye-nakonechniki,0.935,1,1,,К-00115 Пистон газовых тяг ВАЗ,
active_neighbor|other|active-neighbor-80|aksessuary|instrumenty,Похожие активные товары,1,aksessuary,instrumenty,0.938,1,1,,К-00126 Сухарики клапанов ВАЗ 01-08,
active_neighbor|caps_plugs|active-neighbor-100|elektrika|prochaya-elektrika,Похожие активные товары,1,elektrika,prochaya-elektrika,0.94,1,1,,К-00477 Заглушка переключателя салона 2115,
active_neighbor|washers|active-neighbor-94|dvigatel-i-transmissiya|prokladki,Похожие активные товары,1,dvigatel-i-transmissiya,prokladki,0.94,1,1,,К-00568 Шайба клапанной крышки 2108,
active_neighbor|nuts|active-neighbor-80|aksessuary|shiny-i-diski,Похожие активные товары,1,aksessuary,shiny-i-diski,0.938,1,1,,"К-00626 Гайка М12*1.25 колеса ""Шевроле-Нива""",
active_neighbor|clamps|active-neighbor-100|podveska|pruzhiny,Похожие активные товары,1,podveska,pruzhiny,0.94,1,1,,К-00895 Хомут FBS 23х12,
active_neighbor|bushings|active-neighbor-75|podveska|pruzhiny,Похожие активные товары,1,podveska,pruzhiny,0.935,1,1,,КГ-00105 Втулка оси педали газа ГАЗ,
active_neighbor|nuts|active-neighbor-95|aksessuary|shiny-i-diski,Похожие активные товары,1,aksessuary,shiny-i-diski,0.94,1,1,,КГ-00494 Гайка М22*1.5 колеса КАМАЗ-Евро,
active_neighbor|fittings|active-neighbor-100|dvigatel-i-transmissiya|sceplenie,Похожие активные товары,1,dvigatel-i-transmissiya,sceplenie,0.94,1,1,,КГ-00512 Переходник д.16 на д.18,
active_neighbor|other|active-neighbor-88|aksessuary|shiny-i-diski,Похожие активные товары,1,aksessuary,shiny-i-diski,0.94,1,1,,КГ-00630 Шпильки колес ЛУАЗ,
active_neighbor|nuts|active-neighbor-100|dvigatel-i-transmissiya|detali-dvigatelya,Похожие активные товары,1,dvigatel-i-transmissiya,detali-dvigatelya,0.94,1,1,,КГ-00744 Гайка М16х1.5-Н16S24 шпильки гол. блока о,
active_neighbor|nuts|active-neighbor-84|aksessuary|shiny-i-diski,Похожие активные товары,1,aksessuary,shiny-i-diski,0.94,1,1,near_threshold_or_close_candidate,КГ-00769 Гайка колес 12х1.5 ключ 21,КГ-00769 Гайка колес 12х1.5 ключ 21
active_neighbor|bushings|active-neighbor-100|dvigatel-i-transmissiya|detali-dvigatelya,Похожие активные товары,1,dvigatel-i-transmissiya,detali-dvigatelya,0.94,1,1,,КГ-01106 Втулка для установки гол. блока Бычок,
active_neighbor|fittings|active-neighbor-86|tormoznaya-sistema|prochaya-tormoznaya-sistema,Похожие активные товары,1,tormoznaya-sistema,prochaya-tormoznaya-sistema,0.94,1,1,,КГ-01193 Соединитель метал. 16х20,
active_neighbor|other|active-neighbor-78|aksessuary|shiny-i-diski,Похожие активные товары,1,aksessuary,shiny-i-diski,0.9367,1,1,,КГ-01274 Конус шпилек колёс д.20,
active_neighbor|seat_parts|active-neighbor-75|kuzov-i-optika|zamki-i-ruchki,Похожие активные товары,1,kuzov-i-optika,zamki-i-ruchki,0.935,1,1,,КР-00197 Ручка сиденья 2108,
active_neighbor|other|active-neighbor-85|kuzov-i-optika|stekla,Похожие активные товары,1,kuzov-i-optika,stekla,0.94,1,1,,О-00074 Стекло на метал. крышу УАЗ-469 боковое (за,
wiring|other|клемма|elektrika|provodka,Проводка,1,elektrika,provodka,0.87,1,1,,ЗЧМ-00265 Клемма плюс Москвич 2141,
anti_theft_locks|other|замок-на-педали|aksessuary|bezopasnost,Противоугонные замки,1,aksessuary,bezopasnost,0.902,1,1,,"А-01738 Замок на педали ""OKL""",
electrical_misc|other|октан-корректор|elektrika|prochaya-elektrika,Прочая электрика,1,elektrika,prochaya-elektrika,0.89,1,1,,А-00041 Импульс 710 октан корректор,
misc_accessories|other|пленка-тонировочная|aksessuary|prochie-aksessuary,Прочие аксессуары,1,aksessuary,prochie-aksessuary,0.89,1,1,,"А-01611 Пленка тонировочная SILVER 0,75",
misc_accessories|other|тонировка|aksessuary|prochie-aksessuary,Прочие аксессуары,1,aksessuary,prochie-aksessuary,0.85,1,1,,А-02043 Съёмная тонировка 1 м2,
belt|other|ремни|dvigatel-i-transmissiya|remni,Ремни,1,dvigatel-i-transmissiya,remni,0.9,1,1,,А-00958 Ремни безоп-ти Газель (комплект),
steering_wheels|steering_wheels|руль-самара|kuzov-i-optika|kuzovnye-detali,Рули и рулевые колеса,1,kuzov-i-optika,kuzovnye-detali,0.86,1,1,,А-00228 Руль Самара,
steering_wheels|steering_wheels|руль-москвич|kuzov-i-optika|kuzovnye-detali,Рули и рулевые колеса,1,kuzov-i-optika,kuzovnye-detali,0.86,1,1,,ЗЧМ-00586 Руль Москвич 2141,
suspension_arm|other|растяжка|podveska|rychagi,Рычаги,1,podveska,rychagi,0.87,1,1,,КР-00006 Растяжка лонжеронов 2101-07,
care_consumables|other|полотенца-универсальные|aksessuary|prochie-aksessuary,Салфетки и расходники ухода,1,aksessuary,prochie-aksessuary,0.902,1,1,,"А-02240 Полотенца универсальные 22х23, 70 шт AVS",
care_consumables|other|набор-салфеток|aksessuary|prochie-aksessuary,Салфетки и расходники ухода,1,aksessuary,prochie-aksessuary,0.914,1,1,,А-02423 Набор салфеток для комплексного ухода AVS MF-6102 (микрофибра-3 шт 30х30 см),
spark_plug|other|свеча|elektrika|svechi-zazhiganiya,Свечи зажигания,1,elektrika,svechi-zazhiganiya,0.93,1,1,,"ИН-01576 Свеча NGK №10 (Хёндай, Киа) 6В-10Е",
adhesive_tapes|adhesive_tapes|скотч-армированный|aksessuary|prochie-aksessuary,Скотч и клейкие ленты,1,aksessuary,prochie-aksessuary,0.872,1,1,,А-00250 Скотч армированный,
adhesive_tapes|adhesive_tapes|скотч-малярный|aksessuary|prochie-aksessuary,Скотч и клейкие ленты,1,aksessuary,prochie-aksessuary,0.884,1,1,,А-00163 Скотч малярный 38 мм,
adhesive_tapes|adhesive_tapes|скотч-двухсторонний|aksessuary|prochie-aksessuary,Скотч и клейкие ленты,1,aksessuary,prochie-aksessuary,0.86,1,1,,А-00166 Скотч двухсторонний,
stop_lights|other|стоп|kuzov-i-optika|fonari,Стоп-сигналы,1,kuzov-i-optika,fonari,0.872,1,1,,А-00131 Стоп сигналы,
safety_stands|other|подставка-под-машину|aksessuary|bezopasnost,Страховочные подставки,1,aksessuary,bezopasnost,0.902,1,1,,ХС-00235 Подставка под машину,
safety_stands|other|подставка-под-авто|aksessuary|bezopasnost,Страховочные подставки,1,aksessuary,bezopasnost,0.902,1,1,,"А-01759 Подставка под авто ""Матрикс""",
fuel_system|rings|топливн|dvigatel-i-transmissiya|toplivnaya-sistema,Топливная система,1,dvigatel-i-transmissiya,toplivnaya-sistema,0.87,1,1,,ДВ-00253 Кольцо топливное ВАЗ 2110 (1 шт),
fuel_system|hoses|топливный|dvigatel-i-transmissiya|toplivnaya-sistema,Топливная система,1,dvigatel-i-transmissiya,toplivnaya-sistema,0.91,1,1,,ДВ-00771 Шланг Ларгус длинный топливный,
fuel_system|bolts|форсунки|dvigatel-i-transmissiya|toplivnaya-sistema,Топливная система,1,dvigatel-i-transmissiya,toplivnaya-sistema,0.87,1,1,,КГ-00896 Болт крепления форсунки Г-3302 Б+ (дв. Ка,
fuel_system|other|топливный|dvigatel-i-transmissiya|toplivnaya-sistema,Топливная система,1,dvigatel-i-transmissiya,toplivnaya-sistema,0.87,1,1,,КГ-00948 Кран топливный латунный,
fuel_system|nuts|форсунки|dvigatel-i-transmissiya|toplivnaya-sistema,Топливная система,1,dvigatel-i-transmissiya,toplivnaya-sistema,0.87,1,1,,КГ-01237 Гайка М10х1.25 КАМАЗ скобы крепления форсунки сферич.,
fuel_system|fittings|топливный|dvigatel-i-transmissiya|toplivnaya-sistema,Топливная система,1,dvigatel-i-transmissiya,toplivnaya-sistema,0.87,1,1,,КГ-01344 Штуцер топливный д.10 пластик прямой,
throttle_cables|body_clips|трос|dvigatel-i-transmissiya|toplivnaya-sistema,Тросы газа,1,dvigatel-i-transmissiya,toplivnaya-sistema,0.912,1,1,,ЗЧМ-00026 Пистон троса газа 2141,
throttle_cables|other|скоба|dvigatel-i-transmissiya|toplivnaya-sistema,Тросы газа,1,dvigatel-i-transmissiya,toplivnaya-sistema,0.872,1,1,,К-00139 Скоба газа ВАЗ 01-07,
throttle_cables|bolts|трос|dvigatel-i-transmissiya|toplivnaya-sistema,Тросы газа,1,dvigatel-i-transmissiya,toplivnaya-sistema,0.872,1,1,,К-00462 Болт троса подсоса 2108,
fuel_management|other|отбойник-бензолюка|dvigatel-i-transmissiya|toplivnaya-sistema,Узлы топливной системы,1,dvigatel-i-transmissiya,toplivnaya-sistema,0.9,1,1,,КГ-00237 Отбойник бензолюка ГАЗ,
fuel_management|hoses|адсорбер|dvigatel-i-transmissiya|toplivnaya-sistema,Узлы топливной системы,1,dvigatel-i-transmissiya,toplivnaya-sistema,0.86,1,1,,"ДВ-00327 Трубка адсорбера Гранта пластм., 1 шт",
fuel_management|other|клапан-адсорбера|dvigatel-i-transmissiya|toplivnaya-sistema,Узлы топливной системы,1,dvigatel-i-transmissiya,toplivnaya-sistema,0.9,1,1,,ДВ-00475 Клапан адсорбера Калина,
headlight|nuts|фары|kuzov-i-optika|fary,Фары,1,kuzov-i-optika,fary,0.9,1,1,,КГ-01129 Гайка (спец.) крепления фары Г-3302 Е-3 D,
washer_jets|other|жеклер-омывателя|kuzov-i-optika|kuzovnye-detali,Форсунки и жиклеры омывателя,1,kuzov-i-optika,kuzovnye-detali,0.912,1,1,,К-00273 Жеклер омывателя ВАЗ 2110,
washer_jets|other|распылитель|kuzov-i-optika|kuzovnye-detali,Форсунки и жиклеры омывателя,1,kuzov-i-optika,kuzovnye-detali,0.872,1,1,,К-00481 Омыватель стекол н. обр. (распылитель),
washer_jets|other|форсунка-омывателя|kuzov-i-optika|kuzovnye-detali,Форсунки и жиклеры омывателя,1,kuzov-i-optika,kuzovnye-detali,0.912,1,1,,"К-00913 Форсунка омывателя стекла Peugeot, Renault, Sitroen",
washer_jets|other|распределитель|kuzov-i-optika|kuzovnye-detali,Форсунки и жиклеры омывателя,1,kuzov-i-optika,kuzovnye-detali,0.872,1,1,,КР-00258 Распределитель омывателя 2108-09 пуст.,
cooling_clamps|clamps|патруб|dvigatel-i-transmissiya|homuty-ohlazhdeniya,Хомуты охлаждения,1,dvigatel-i-transmissiya,homuty-ohlazhdeniya,0.912,1,1,,КГ-00143 Хомут патрубков КАМАЗ,
seat_covers|seat_parts|накидки-сидений|aksessuary|chehly,Чехлы и накидки сидений,1,aksessuary,chehly,0.912,1,1,,А-01015 Накидки сидений 2шт.,
seat_covers|other|накидка-на-сидение|aksessuary|chehly,Чехлы и накидки сидений,1,aksessuary,chehly,0.912,1,1,,"А-01707 Накидка на сидение ""Бамбук""",
seat_covers|seat_parts|накидка-сидений|aksessuary|chehly,Чехлы и накидки сидений,1,aksessuary,chehly,0.912,1,1,,"А-02219 Накидка сидений Алькон ""Автопрофи""",
seat_covers|seat_parts|накидки|aksessuary|chehly,Чехлы и накидки сидений,1,aksessuary,chehly,0.899,1,1,,"А-02042 ""HR"" Накидки передних сидений ""SOTA FRONT""",
tire|bushings|резина|aksessuary|shiny-i-diski,Шины,1,aksessuary,shiny-i-diski,0.93,1,1,,КГ-00248 Втулка крепления потолка ГАЗ (резина),
legacy_podveska_shlangi-gur|hoses|трубка-гур|podveska|shlangi-gur,Шланги ГУР,1,podveska,shlangi-gur,0.86,1,1,,ХСГ-00888 Трубка нагнетательная ГУРа Валдай,
brake_bleeders|bolts|болт-прокачки|tormoznaya-sistema|tormoznye-shtucery,Штуцеры и болты прокачки,1,tormoznaya-sistema,tormoznye-shtucery,0.912,1,1,,К-00242 Болт прокачки ВАЗ (латунь),
cleaning_brushes|other|набор-для-мойки|aksessuary|prochie-aksessuary,Щетки и скребки для ухода,1,aksessuary,prochie-aksessuary,0.912,1,1,,А-02286 Набор для мойки автомобиля AVS AVK-875,
cleaning_brushes|other|щетка|aksessuary|prochie-aksessuary,Щетки и скребки для ухода,1,aksessuary,prochie-aksessuary,0.887,1,1,,А-00072 Щётка с выдвижной ручкой,
usb_power_accessories|fittings|usb|elektrika|prochaya-elektrika,USB-питание и автомобильные переходники,1,elektrika,prochaya-elektrika,0.877,1,1,,А-00536 ALCO Переходник с прикурив. USB,
usb_power_accessories|other|usb|elektrika|prochaya-elektrika,USB-питание и автомобильные переходники,1,elektrika,prochaya-elektrika,0.862,1,1,,"А-01739 3 в 1: вольтметр, термометр, USB",
