shopCode,name,proposedCategory,proposedSubcategory,confidence,status,group,detectedFamily,explanation,correct,correctCategory,reviewerComment
ЗЧМ-00505,Ремкомплект регулятора тормозов 2141,tormoznaya-sistema,ruchnoy-tormoz,0.84,BLOCKED_CONFLICT,parking_brake_cables|other|тормоз|tormoznaya-sistema|ruchnoy-tormoz,other,"Несколько категорий получили близкие оценки, требуется ручная проверка.",,,
А-01211,Накладка на воздухозаборник 2110 (краш.),kuzov-i-optika,kuzovnye-detali,0.84,BLOCKED_CONFLICT,body_air_intakes|other|воздухозаборник|kuzov-i-optika|kuzovnye-detali,other,"Несколько категорий получили близкие оценки, требуется ручная проверка.",,,
А-02154,"Накидка на сиденье с функцией подогрева AVS HC-175,180",aksessuary,chehly,0.84,BLOCKED_CONFLICT,seat_covers|seat_parts|накидка|aksessuary|chehly,seat_parts,"Несколько категорий получили близкие оценки, требуется ручная проверка.",,,
К-00045,Пробка коробки ВАЗ и пробка поддона ВАЗ,dvigatel-i-transmissiya,detali-dvigatelya,0.792,BLOCKED_CONFLICT,oil_pan_plugs|caps_plugs|пробка-поддона|dvigatel-i-transmissiya|detali-dvigatelya,caps_plugs,Найдены отрицательные признаки для лучшего кандидата.,,,
А-00817,Ремни безопасности 2101-07 (2 шт),dvigatel-i-transmissiya,remni,0.78,BLOCKED_CONFLICT,belt|other|ремни|dvigatel-i-transmissiya|remni,other,Найдены отрицательные признаки для лучшего кандидата.,,,
А-01627,Ремни безопасности перед. 1118,dvigatel-i-transmissiya,remni,0.78,BLOCKED_CONFLICT,belt|other|ремни|dvigatel-i-transmissiya|remni,other,Найдены отрицательные признаки для лучшего кандидата.,,,
А-00035,Ремни безопасности (неинерционные),dvigatel-i-transmissiya,remni,0.78,BLOCKED_CONFLICT,belt|other|ремни|dvigatel-i-transmissiya|remni,other,Найдены отрицательные признаки для лучшего кандидата.,,,
А-00963,"Ремни безопасности пер. 2108-014, 2110",dvigatel-i-transmissiya,remni,0.78,BLOCKED_CONFLICT,belt|other|ремни|dvigatel-i-transmissiya|remni,other,Найдены отрицательные признаки для лучшего кандидата.,,,
КР-00413,Ремни безопасности 2110,dvigatel-i-transmissiya,remni,0.78,BLOCKED_CONFLICT,belt|other|ремни|dvigatel-i-transmissiya|remni,other,Найдены отрицательные признаки для лучшего кандидата.,,,
К-00909,"Болт диодного моста 03,06,08,09,2121 в сборе",dvigatel-i-transmissiya,detali-transmissii,0.742,BLOCKED_CONFLICT,transmission_hardware|bolts|мост|dvigatel-i-transmissiya|detali-transmissii,bolts,Найдены отрицательные признаки для лучшего кандидата.,,,
К-00910,"Болт диодного моста 04,05-07 в сборе",dvigatel-i-transmissiya,detali-transmissii,0.742,BLOCKED_CONFLICT,transmission_hardware|bolts|мост|dvigatel-i-transmissiya|detali-transmissii,bolts,Найдены отрицательные признаки для лучшего кандидата.,,,
К-00911,Болт диодного моста 2110 в сборе,dvigatel-i-transmissiya,detali-transmissii,0.742,BLOCKED_CONFLICT,transmission_hardware|bolts|мост|dvigatel-i-transmissiya|detali-transmissii,bolts,Найдены отрицательные признаки для лучшего кандидата.,,,
К-00912,Болт диодного моста 1118 Калина в сборе,dvigatel-i-transmissiya,detali-transmissii,0.742,BLOCKED_CONFLICT,transmission_hardware|bolts|мост|dvigatel-i-transmissiya|detali-transmissii,bolts,Найдены отрицательные признаки для лучшего кандидата.,,,
КГ-00531,Кронштейн колпаков Газель (Каминс),aksessuary,shiny-i-diski,0.742,BLOCKED_CONFLICT,wheel_caps|other|колпак|aksessuary|shiny-i-diski,other,Найдены отрицательные признаки для лучшего кандидата.,,,
О-00698,Заглушка блок-фар Гранта 2190,dvigatel-i-transmissiya,detali-dvigatelya,0.742,BLOCKED_CONFLICT,engine_fasteners|caps_plugs|заглушка|dvigatel-i-transmissiya|detali-dvigatelya,caps_plugs,Найдены отрицательные признаки для лучшего кандидата.,,,
А-01445,"""Такси"" диодн. (на стекло)",elektrika,osveshchenie,0.742,BLOCKED_CONFLICT,auxiliary_lighting|other|такси|elektrika|osveshchenie,other,Найдены отрицательные признаки для лучшего кандидата.,,,
О-00499,Заглушка блок-фары Калина,dvigatel-i-transmissiya,detali-dvigatelya,0.742,BLOCKED_CONFLICT,engine_fasteners|caps_plugs|заглушка|dvigatel-i-transmissiya|detali-dvigatelya,caps_plugs,Найдены отрицательные признаки для лучшего кандидата.,,,
О-00500,Заглушка блок-фары 2110,dvigatel-i-transmissiya,detali-dvigatelya,0.742,BLOCKED_CONFLICT,engine_fasteners|caps_plugs|заглушка|dvigatel-i-transmissiya|detali-dvigatelya,caps_plugs,Найдены отрицательные признаки для лучшего кандидата.,,,
О-00699,Заглушка блок-фар Приора 2170 (мал.),dvigatel-i-transmissiya,detali-dvigatelya,0.742,BLOCKED_CONFLICT,engine_fasteners|caps_plugs|заглушка|dvigatel-i-transmissiya|detali-dvigatelya,caps_plugs,Найдены отрицательные признаки для лучшего кандидата.,,,
ДВ-00186,Диффузор салона 2105,dvigatel-i-transmissiya,ohlazhdenie,0.74,BLOCKED_CONFLICT,cooling|other|диффузор|dvigatel-i-transmissiya|ohlazhdenie,other,Найдены отрицательные признаки для лучшего кандидата.,,,
ХС-00104,Крестовина руля,dvigatel-i-transmissiya,detali-transmissii,0.64,BLOCKED_CONFLICT,universal_joint_crosses|other|крестовина|dvigatel-i-transmissiya|detali-transmissii,other,Найдены отрицательные признаки для лучшего кандидата.,,,
ОК-00061,Прижим приемной трубы,,,0,MANUAL_REVIEW,no_match|other|other,other,Категория и подкатегория не определены правилами.,,,
КР-00223,Подкладки под крючок 2108,,,0,MANUAL_REVIEW,no_match|other|other,other,Категория и подкатегория не определены правилами.,,,
ХСГ-01223,Трубка КАМАЗ-ЕВРО компрес. (медная) 1-ц,,,0,MANUAL_REVIEW,no_match|hoses|hoses,hoses,Категория и подкатегория не определены правилами.,,,
Г-00158,Флянец приемной трубы Бычок,,,0,MANUAL_REVIEW,no_match|other|other,other,Категория и подкатегория не определены правилами.,,,
Р-00044,Шланг воздушный прицепа в сборе,,,0,MANUAL_REVIEW,no_match|hoses|hoses,hoses,Категория и подкатегория не определены правилами.,,,
К-00679,Рем. набор крепления воздушного фланца (с,,,0,MANUAL_REVIEW,no_match|other|other,other,Категория и подкатегория не определены правилами.,,,
КГ-00800,Палец М10-35 педали тормоза 3502.260088,,,0,MANUAL_REVIEW,no_match|other|other,other,Категория и подкатегория не определены правилами.,,,
КР-00046,Блок переключения печки в сборе Гранта,,,0,MANUAL_REVIEW,no_match|heater_parts|heater-parts,heater_parts,Категория и подкатегория не определены правилами.,,,
ОК-00015,Пыльник внутренний,,,0,MANUAL_REVIEW,no_match|other|other,other,Категория и подкатегория не определены правилами.,,,
РДГ-00085,Кнопки ручек дв. УАЗ-469 ЛЮКС (2 шт),,,0,MANUAL_REVIEW,no_match|other|other,other,Категория и подкатегория не определены правилами.,,,
КР-00077,Стопор замка 2108,,,0,MANUAL_REVIEW,no_match|other|other,other,Категория и подкатегория не определены правилами.,,,
ХСГ-00833,Главная пара дифференциала ГАЗ-31105 н/о,,,0,MANUAL_REVIEW,no_match|other|other,other,Категория и подкатегория не определены правилами.,,,
ХСГ-00704,Тяга продольная Валдай (короткая),,,0,MANUAL_REVIEW,no_match|other|other,other,Категория и подкатегория не определены правилами.,,,
ДВ-00008,Корпус печки 2101-2105,,,0,MANUAL_REVIEW,no_match|heater_parts|heater-parts,heater_parts,Категория и подкатегория не определены правилами.,,,
Г-00583,Фланец трубы приёмной КАМАЗ,,,0,MANUAL_REVIEW,no_match|other|other,other,Категория и подкатегория не определены правилами.,,,
А-00419,Реснички боковых стекол 2106,,,0,MANUAL_REVIEW,no_match|other|other,other,Категория и подкатегория не определены правилами.,,,
ДВ-00433,Шланг бензин. 2110,,,0,MANUAL_REVIEW,no_match|hoses|hoses,hoses,Категория и подкатегория не определены правилами.,,,
ИН-01449,AMD.SEN25 Регулятор холостого хода MATIZ,,,0,MANUAL_REVIEW,no_match|other|other,other,Категория и подкатегория не определены правилами.,,,
О-00696,ВАЗ 2111 стекло з.д.о прав.,,,0,MANUAL_REVIEW,no_match|other|other,other,Категория и подкатегория не определены правилами.,,,
Р-00023,Пыльник торсиона ЗАЗ (за 1 шт),,,0,MANUAL_REVIEW,no_match|other|other,other,Категория и подкатегория не определены правилами.,,,
ХС-00246,Вал промежуточный ВАЗ 21213 в сб. (GL.CE.,,,0,MANUAL_REVIEW,no_match|other|other,other,Категория и подкатегория не определены правилами.,,,
ХСГ-01048,Втулка передней подвески МАЗ-6430 н. обр,,,0,MANUAL_REVIEW,no_match|bushings|bushings,bushings,Категория и подкатегория не определены правилами.,,,
А-01132,Переходник USB (AVS ST-04),,,0,MANUAL_REVIEW,no_match|fittings|fittings,fittings,Категория и подкатегория не определены правилами.,,,
А-01667,"Ответная часть ремня Газель, 1 шт",,,0,MANUAL_REVIEW,no_match|other|other,other,Категория и подкатегория не определены правилами.,,,
Г-00413,Вставка нейтрализ.21074 Евро-3,,,0,MANUAL_REVIEW,no_match|other|other,other,Категория и подкатегория не определены правилами.,,,
Г-00516,Патрубок выпускной КАМАЗ-ЕВРО №54115,,,0,MANUAL_REVIEW,no_match|hoses|hoses,hoses,Категория и подкатегория не определены правилами.,,,
Г-00632,Вставка нейтрализ. Евро-3 21074,,,0,MANUAL_REVIEW,no_match|other|other,other,Категория и подкатегория не определены правилами.,,,
ДВ-00741,Кронштейн прав. опоры двиг. (дв.ВАЗ 8 кл.) Лада Ларгус 845051870,,,0,MANUAL_REVIEW,no_match|other|other,other,Категория и подкатегория не определены правилами.,,,
ЗЧМ-00530,Набор крышки бардачка 2141,,,0,MANUAL_REVIEW,no_match|other|other,other,Категория и подкатегория не определены правилами.,,,
К-00340,Гайка М 6 крышки клап. 2108,,,0,MANUAL_REVIEW,no_match|nuts|nuts,nuts,Категория и подкатегория не определены правилами.,,,
К-00470,Скоба крышки бака 2101-07,,,0,MANUAL_REVIEW,no_match|other|other,other,Категория и подкатегория не определены правилами.,,,
К-00534,"Болт М12*118*1,25 с фланцем балки VESTA",,,0,MANUAL_REVIEW,no_match|bolts|bolts,bolts,Категория и подкатегория не определены правилами.,,,
К-00695,Болт М12*110 подвески 2121,,,0,MANUAL_REVIEW,no_match|bolts|bolts,bolts,Категория и подкатегория не определены правилами.,,,
КГ-00260,Болт М8Х25*1.25мм поддона пер. крышки 406,,,0,MANUAL_REVIEW,no_match|bolts|bolts,bolts,Категория и подкатегория не определены правилами.,,,
КГ-00322,"Болт верх. механизма натяж. ремня, топлив",,,0,MANUAL_REVIEW,no_match|bolts|bolts,bolts,Категория и подкатегория не определены правилами.,,,
КГ-00331,Соединитель шлангов переходной 8х10,,,0,MANUAL_REVIEW,no_match|fittings|fittings,fittings,Категория и подкатегория не определены правилами.,,,
КГ-00344,Болт М16*100*1.5 лебедки К-4310 кр-на дв-,,,0,MANUAL_REVIEW,no_match|bolts|bolts,bolts,Категория и подкатегория не определены правилами.,,,
КГ-00368,Болт М14*45*1.5 кр-на мех-ма уравновеш. к,,,0,MANUAL_REVIEW,no_match|bolts|bolts,bolts,Категория и подкатегория не определены правилами.,,,
КГ-00396,Гайка М13*1.25 шатунная болта нов. обр.,,,0,MANUAL_REVIEW,no_match|bolts|bolts,bolts,Категория и подкатегория не определены правилами.,,,
КГ-00467,Соединитель шлангов переходной 10х12,,,0,MANUAL_REVIEW,no_match|fittings|fittings,fittings,Категория и подкатегория не определены правилами.,,,
КГ-00478,Шпилька М27*86*1.5 крепления кр-на баланс,,,0,MANUAL_REVIEW,no_match|studs|studs,studs,Категория и подкатегория не определены правилами.,,,
КГ-00492,Гайка М42х1.5 вала 110 (шестерни 13зуб),,,0,MANUAL_REVIEW,no_match|nuts|nuts,nuts,Категория и подкатегория не определены правилами.,,,
КГ-00611,Соединитель шлангов 27х27,,,0,MANUAL_REVIEW,no_match|fittings|fittings,fittings,Категория и подкатегория не определены правилами.,,,
КГ-00674,Соединитель шлангов д.12х12,,,0,MANUAL_REVIEW,no_match|fittings|fittings,fittings,Категория и подкатегория не определены правилами.,,,
КГ-00675,Соединитель шлангов метал 14х14,,,0,MANUAL_REVIEW,no_match|fittings|fittings,fittings,Категория и подкатегория не определены правилами.,,,
КГ-00676,Соединитель шлангов д.24х27,,,0,MANUAL_REVIEW,no_match|fittings|fittings,fittings,Категория и подкатегория не определены правилами.,,,
КГ-00756,Гайка М10*1 омедн. коромысла КАМАЗ,,,0,MANUAL_REVIEW,no_match|nuts|nuts,nuts,Категория и подкатегория не определены правилами.,,,
КГ-00792,Соединитель шлангов переходной 12х14,,,0,MANUAL_REVIEW,no_match|fittings|fittings,fittings,Категория и подкатегория не определены правилами.,,,
КГ-01056,Соединитель шлангов 14х20,,,0,MANUAL_REVIEW,no_match|fittings|fittings,fittings,Категория и подкатегория не определены правилами.,,,
КГ-01057,Соединитель шлангов 16х20,,,0,MANUAL_REVIEW,no_match|fittings|fittings,fittings,Категория и подкатегория не определены правилами.,,,
КГ-01058,Соединитель шлангов 20х24,,,0,MANUAL_REVIEW,no_match|fittings|fittings,fittings,Категория и подкатегория не определены правилами.,,,
КГ-01059,Соединитель шлангов 20х27,,,0,MANUAL_REVIEW,no_match|fittings|fittings,fittings,Категория и подкатегория не определены правилами.,,,
КГ-01060,Соединитель шлангов 22х27,,,0,MANUAL_REVIEW,no_match|fittings|fittings,fittings,Категория и подкатегория не определены правилами.,,,
КГ-01072,Тройник М8 латунный,,,0,MANUAL_REVIEW,no_match|fittings|fittings,fittings,Категория и подкатегория не определены правилами.,,,
КГ-01073,Соединитель шлангов переходной 14х16,,,0,MANUAL_REVIEW,no_match|fittings|fittings,fittings,Категория и подкатегория не определены правилами.,,,
КГ-01074,Соединитель шлангов переходной 6х8,,,0,MANUAL_REVIEW,no_match|fittings|fittings,fittings,Категория и подкатегория не определены правилами.,,,
КГ-01112,Болт-штуцер трубок обратки Бычок,,,0,MANUAL_REVIEW,no_match|bolts|bolts,bolts,Категория и подкатегория не определены правилами.,,,
КГ-01139,Соединитель прямой металл ф-38,,,0,MANUAL_REVIEW,no_match|fittings|fittings,fittings,Категория и подкатегория не определены правилами.,,,
КГ-01140,Соединитель прямой металл Ф-42,,,0,MANUAL_REVIEW,no_match|fittings|fittings,fittings,Категория и подкатегория не определены правилами.,,,
КГ-01141,Соединитель прямой металл ф-45,,,0,MANUAL_REVIEW,no_match|fittings|fittings,fittings,Категория и подкатегория не определены правилами.,,,
КГ-01142,Соединитель прямой металл ф-50,,,0,MANUAL_REVIEW,no_match|fittings|fittings,fittings,Категория и подкатегория не определены правилами.,,,
КГ-01373,Фитинг метал. переходной угловой д.6,,,0,MANUAL_REVIEW,no_match|fittings|fittings,fittings,Категория и подкатегория не определены правилами.,,,
КГ-01374,Фитинг метал. переходной угловой д.8,,,0,MANUAL_REVIEW,no_match|fittings|fittings,fittings,Категория и подкатегория не определены правилами.,,,
КГ-01375,Фитинг метал. переходной угловой д.10,,,0,MANUAL_REVIEW,no_match|fittings|fittings,fittings,Категория и подкатегория не определены правилами.,,,
КГ-01376,Фитинг метал. переходной угловой д.12,,,0,MANUAL_REVIEW,no_match|fittings|fittings,fittings,Категория и подкатегория не определены правилами.,,,
КГ-01379,Соединитель шлангов 18х24,,,0,MANUAL_REVIEW,no_match|fittings|fittings,fittings,Категория и подкатегория не определены правилами.,,,
КР-00139,Упор замка 2108 (эластичн.),,,0,MANUAL_REVIEW,no_match|other|other,other,Категория и подкатегория не определены правилами.,,,
КР-00401,Запор вещевого ящика 2108,,,0,MANUAL_REVIEW,no_match|other|other,other,Категория и подкатегория не определены правилами.,,,
О-00701,Заглушка фар Приора 2170 (пластмасса),,,0,MANUAL_REVIEW,no_match|caps_plugs|caps-plugs,caps_plugs,Категория и подкатегория не определены правилами.,,,
О-00768,LADA Vesta Стекло пер. дв. опускное лев./п,,,0,MANUAL_REVIEW,no_match|other|other,other,Категория и подкатегория не определены правилами.,,,
ОК-00094,Механизм замка внутренний правый,,,0,MANUAL_REVIEW,no_match|other|other,other,Категория и подкатегория не определены правилами.,,,
ОК-00107,Ремкомплект растяжки,,,0,MANUAL_REVIEW,no_match|other|other,other,Категория и подкатегория не определены правилами.,,,
ОК-00153,Хомут шарнира малый,,,0,MANUAL_REVIEW,no_match|clamps|clamps,clamps,Категория и подкатегория не определены правилами.,,,
ОК-00186,Шланг вентиляции картера нижний,,,0,MANUAL_REVIEW,no_match|hoses|hoses,hoses,Категория и подкатегория не определены правилами.,,,
ПСГ-00166,Проставка головки Волга,,,0,MANUAL_REVIEW,no_match|other|other,other,Категория и подкатегория не определены правилами.,,,
РГ-00024,Сектор газа К-151С,,,0,MANUAL_REVIEW,no_match|other|other,other,Категория и подкатегория не определены правилами.,,,
РГ-00079,Сектор газа К-151,,,0,MANUAL_REVIEW,no_match|other|other,other,Категория и подкатегория не определены правилами.,,,
РГ-00132,Соединитель шлангов прямой 3х3 №1462,,,0,MANUAL_REVIEW,no_match|fittings|fittings,fittings,Категория и подкатегория не определены правилами.,,,
РГ-00136,Соединитель шлангов прямой 5х5 №924,,,0,MANUAL_REVIEW,no_match|fittings|fittings,fittings,Категория и подкатегория не определены правилами.,,,
РГ-00141,Соединитель шлангов прямой 4х6 №923,,,0,MANUAL_REVIEW,no_match|fittings|fittings,fittings,Категория и подкатегория не определены правилами.,,,
РГ-00148,Соединитель шлангов прямой 7х7 №1756,,,0,MANUAL_REVIEW,no_match|fittings|fittings,fittings,Категория и подкатегория не определены правилами.,,,
РГ-00155,Соединитель шлангов прямой 6х6 №1058,,,0,MANUAL_REVIEW,no_match|fittings|fittings,fittings,Категория и подкатегория не определены правилами.,,,
РГ-00163,Соединитель шлангов прямой 6х6 №796,,,0,MANUAL_REVIEW,no_match|fittings|fittings,fittings,Категория и подкатегория не определены правилами.,,,
РГ-00182,Соединитель шлангов прямой 6х5 №1076,,,0,MANUAL_REVIEW,no_match|fittings|fittings,fittings,Категория и подкатегория не определены правилами.,,,
РГ-00186,Соединитель шлангов прямой 6х5 №925,,,0,MANUAL_REVIEW,no_match|fittings|fittings,fittings,Категория и подкатегория не определены правилами.,,,
РГ-00199,Соединитель шлангов прямой 8х4 №2113,,,0,MANUAL_REVIEW,no_match|fittings|fittings,fittings,Категория и подкатегория не определены правилами.,,,
РГ-00325,Соединитель шлангов прямой 8х6 №2114,,,0,MANUAL_REVIEW,no_match|fittings|fittings,fittings,Категория и подкатегория не определены правилами.,,,
РГ-00330,Соединитель шлангов прямой 8х8 №723,,,0,MANUAL_REVIEW,no_match|fittings|fittings,fittings,Категория и подкатегория не определены правилами.,,,
РГ-00331,Соединитель шлангов прямой 8х8 №1059,,,0,MANUAL_REVIEW,no_match|fittings|fittings,fittings,Категория и подкатегория не определены правилами.,,,
РГ-00332,Соединитель шлангов прямой 10х6 №2116,,,0,MANUAL_REVIEW,no_match|fittings|fittings,fittings,Категория и подкатегория не определены правилами.,,,
РГ-00333,Соединитель шлангов прямой 10х10 №1055,,,0,MANUAL_REVIEW,no_match|fittings|fittings,fittings,Категория и подкатегория не определены правилами.,,,
РГ-00334,Соединитель шлангов прямой 10х14 №2117,,,0,MANUAL_REVIEW,no_match|fittings|fittings,fittings,Категория и подкатегория не определены правилами.,,,
РГ-00335,Соединитель шлангов прямой 10х16 №1474,,,0,MANUAL_REVIEW,no_match|fittings|fittings,fittings,Категория и подкатегория не определены правилами.,,,
РГ-00336,Соединитель шлангов прямой 12х12 №1054,,,0,MANUAL_REVIEW,no_match|fittings|fittings,fittings,Категория и подкатегория не определены правилами.,,,
РГ-00337,Соединитель шлангов прямой 14х14 №1053,,,0,MANUAL_REVIEW,no_match|fittings|fittings,fittings,Категория и подкатегория не определены правилами.,,,
РГ-00338,Соединитель шлангов прямой 16х16 №1998,,,0,MANUAL_REVIEW,no_match|fittings|fittings,fittings,Категория и подкатегория не определены правилами.,,,
РГ-00339,Соединитель шлангов прямой 16х14 №1997,,,0,MANUAL_REVIEW,no_match|fittings|fittings,fittings,Категория и подкатегория не определены правилами.,,,
РГ-00340,Соединитель шлангов прямой 18х14 №1994,,,0,MANUAL_REVIEW,no_match|fittings|fittings,fittings,Категория и подкатегория не определены правилами.,,,
РГ-00341,Соединитель шлангов прямой 18х18 №1473,,,0,MANUAL_REVIEW,no_match|fittings|fittings,fittings,Категория и подкатегория не определены правилами.,,,
РГ-00342,Соединитель шлангов прямой 20х16 №1982,,,0,MANUAL_REVIEW,no_match|fittings|fittings,fittings,Категория и подкатегория не определены правилами.,,,
РГ-00343,Соединитель шлангов прямой 20х14 №1981,,,0,MANUAL_REVIEW,no_match|fittings|fittings,fittings,Категория и подкатегория не определены правилами.,,,
РГ-00344,Соединитель шлангов прямой 20х18 №1971,,,0,MANUAL_REVIEW,no_match|fittings|fittings,fittings,Категория и подкатегория не определены правилами.,,,
РГ-00345,Соединитель шлангов прямой 22х22 №1978,,,0,MANUAL_REVIEW,no_match|fittings|fittings,fittings,Категория и подкатегория не определены правилами.,,,
РГ-00346,Соединитель шлангов прямой25х20 №1976,,,0,MANUAL_REVIEW,no_match|fittings|fittings,fittings,Категория и подкатегория не определены правилами.,,,
РГ-00347,Соединитель шлангов прямой 25х25 №1975,,,0,MANUAL_REVIEW,no_match|fittings|fittings,fittings,Категория и подкатегория не определены правилами.,,,
РГ-00348,Соединитель шлангов прямой32х32,,,0,MANUAL_REVIEW,no_match|fittings|fittings,fittings,Категория и подкатегория не определены правилами.,,,
РГ-00349,Соединитель шлангов прямой 9х9 №1075,,,0,MANUAL_REVIEW,no_match|fittings|fittings,fittings,Категория и подкатегория не определены правилами.,,,
РГ-00413,Сектор газа подсоса К-151,,,0,MANUAL_REVIEW,no_match|other|other,other,Категория и подкатегория не определены правилами.,,,
РГ-00443,Соединитель шлангов прямой 25х22 № 1977,,,0,MANUAL_REVIEW,no_match|fittings|fittings,fittings,Категория и подкатегория не определены правилами.,,,
РДГ-00096,Ручки форточек Зил-Бычок (1 шт),,,0,MANUAL_REVIEW,no_match|other|other,other,Категория и подкатегория не определены правилами.,,,
РДГ-00218,Петля борта Газель-Тент,,,0,MANUAL_REVIEW,no_match|other|other,other,Категория и подкатегория не определены правилами.,,,
РДГ-00241,Ручка запора борта Г-3302 резиновая,,,0,MANUAL_REVIEW,no_match|other|other,other,Категория и подкатегория не определены правилами.,,,
РДГ-00273,"Механизм замка дв. Г-2705, 3302 Б+ прав. н/о Чехия",,,0,MANUAL_REVIEW,no_match|other|other,other,Категория и подкатегория не определены правилами.,,,
РДГ-00275,Защёлка раздвиж. окна Газель 2705,,,0,MANUAL_REVIEW,no_match|other|other,other,Категория и подкатегория не определены правилами.,,,
ХС-00185,Балка задняя 2101-07,,,0,MANUAL_REVIEW,no_match|other|other,other,Категория и подкатегория не определены правилами.,,,
ХС-00187,Пыльник переднего колеса 2108 пустой,,,0,MANUAL_REVIEW,no_match|other|other,other,Категория и подкатегория не определены правилами.,,,
ХС-00386,Балка передняя 2112 16 клап.,,,0,MANUAL_REVIEW,no_match|other|other,other,Категория и подкатегория не определены правилами.,,,
ХС-00460,Тяги реактивные 2101-07 (усиленные),,,0,MANUAL_REVIEW,no_match|other|other,other,Категория и подкатегория не определены правилами.,,,
ХСГ-00301,Кольцо уплот. резьбов. втулок ГАЗ-24,,,0,MANUAL_REVIEW,no_match|rings|rings,rings,Категория и подкатегория не определены правилами.,,,
ХСГ-00964,Штанга передней подвески Хантер,,,0,MANUAL_REVIEW,no_match|other|other,other,Категория и подкатегория не определены правилами.,,,
ХСГ-01108,Пыльник КАМАЗ башмака балансира уплотнит,,,0,MANUAL_REVIEW,no_match|other|other,other,Категория и подкатегория не определены правилами.,,,
ХСГ-01282,"Корпус КАМАЗ-ЕВРО-2,3 подшип. переднего",,,0,MANUAL_REVIEW,no_match|other|other,other,Категория и подкатегория не определены правилами.,,,
К-00486,Рем.к-т приемной трубы 2112 с катализат.,,,0,MANUAL_REVIEW,no_match|other|other,other,Категория и подкатегория не определены правилами.,,,
КР-00100,Замок внутренний 2105 (механизм),,,0,MANUAL_REVIEW,no_match|other|other,other,Категория и подкатегория не определены правилами.,,,
ХСГ-01102,Втулка центрир. КАМАЗ-ЕВРО прив.ТНВД,,,0,MANUAL_REVIEW,no_match|bushings|bushings,bushings,Категория и подкатегория не определены правилами.,,,
ИН-00517,Трубки медные д.5 для иномарок 50 см,,,0,MANUAL_REVIEW,no_match|other|other,other,Категория и подкатегория не определены правилами.,,,
ИН-00518,Трубки медные д.5 для иномарок 75 см,,,0,MANUAL_REVIEW,no_match|other|other,other,Категория и подкатегория не определены правилами.,,,
ИН-00519,Трубки медные д.5 для иномарок 100 см,,,0,MANUAL_REVIEW,no_match|other|other,other,Категория и подкатегория не определены правилами.,,,
ИН-00520,Трубки медные д.5 для иномарок 125 см,,,0,MANUAL_REVIEW,no_match|other|other,other,Категория и подкатегория не определены правилами.,,,
ИН-00521,Трубки медные д.5 для иномарок 150 см,,,0,MANUAL_REVIEW,no_match|other|other,other,Категория и подкатегория не определены правилами.,,,
ИН-00522,Трубки медные д.5 для иномарок 175 см,,,0,MANUAL_REVIEW,no_match|other|other,other,Категория и подкатегория не определены правилами.,,,
ИН-00523,Трубки медные д.5 для иномарок 200 см,,,0,MANUAL_REVIEW,no_match|other|other,other,Категория и подкатегория не определены правилами.,,,
ИН-00999,"Трубки медные для иномарок д. 3,5м",,,0,MANUAL_REVIEW,no_match|other|other,other,Категория и подкатегория не определены правилами.,,,
ИН-01000,"Трубки медные для иномарок д.4,0м",,,0,MANUAL_REVIEW,no_match|other|other,other,Категория и подкатегория не определены правилами.,,,
РДГ-00206,Скоба трубки будки Газель,,,0,MANUAL_REVIEW,no_match|other|other,other,Категория и подкатегория не определены правилами.,,,
РДГ-00220,Скоба будки Газель (длинная),,,0,MANUAL_REVIEW,no_match|other|other,other,Категория и подкатегория не определены правилами.,,,
ХСГ-00444,Тяга поперечная УАЗ-Хантер регулир.,,,0,MANUAL_REVIEW,no_match|other|other,other,Категория и подкатегория не определены правилами.,,,
ДВ-00239,Втулки клапанов 2101-08 (Тольятти),,,0,MANUAL_REVIEW,no_match|other|other,other,Категория и подкатегория не определены правилами.,,,
КР-00041,Упор стекла,,,0,MANUAL_REVIEW,no_match|other|other,other,Категория и подкатегория не определены правилами.,,,
ПСГ-00188,Кольца под центрифугу ЗИЛ-130,,,0,MANUAL_REVIEW,no_match|rings|rings,rings,Категория и подкатегория не определены правилами.,,,
РДГ-00200,Скоба замка будки Газель,,,0,MANUAL_REVIEW,no_match|other|other,other,Категория и подкатегория не определены правилами.,,,
ХСГ-00021,Тяга поперечная ЗИЛ-Бычок,,,0,MANUAL_REVIEW,no_match|other|other,other,Категория и подкатегория не определены правилами.,,,
ДВ-00219,Мотор печки 2108 в сборе,,,0,MANUAL_REVIEW,no_match|heater_parts|heater-parts,heater_parts,Категория и подкатегория не определены правилами.,,,
КР-00319,Комплект задней обшивки 2108,,,0,MANUAL_REVIEW,no_match|other|other,other,Категория и подкатегория не определены правилами.,,,
ЗЧМ-00112,Валик коробки 2141,,,0,MANUAL_REVIEW,no_match|other|other,other,Категория и подкатегория не определены правилами.,,,
ЗЧМ-00145,Подушки коробки 2140,,,0,MANUAL_REVIEW,no_match|other|other,other,Категория и подкатегория не определены правилами.,,,
ИН-00533,Скобы и винты для иномарок,,,0,MANUAL_REVIEW,no_match|bolts|bolts,bolts,Категория и подкатегория не определены правилами.,,,
К-00050,Набор шайб крышки клапанов ВАЗ 01-07,,,0,MANUAL_REVIEW,no_match|other|other,other,Категория и подкатегория не определены правилами.,,,
КР-00330,Комплект задней обшивки 2108,,,0,MANUAL_REVIEW,no_match|other|other,other,Категория и подкатегория не определены правилами.,,,
КР-00331,Комплект задней обшивки 21099,,,0,MANUAL_REVIEW,no_match|other|other,other,Категория и подкатегория не определены правилами.,,,
РДГ-00277,"Механизм замка дв. Г-2705, 3302 Б+ лев. н/о",,,0,MANUAL_REVIEW,no_match|other|other,other,Категория и подкатегория не определены правилами.,,,
ХС-00217,Тяги реактивные 2101-07 Тольятти (завод),,,0,MANUAL_REVIEW,no_match|other|other,other,Категория и подкатегория не определены правилами.,,,
ХСГ-00772,Втулки балансира КАМАЗ бронза,,,0,MANUAL_REVIEW,no_match|other|other,other,Категория и подкатегория не определены правилами.,,,
ХСГ-01081,"Втулка продольной штанги УАЗ-Хантер, Пат",,,0,MANUAL_REVIEW,no_match|bushings|bushings,bushings,Категория и подкатегория не определены правилами.,,,
ХСГ-01283,"Втулка КАМАЗ балансира бронза Р1 (87,5 мм)",,,0,MANUAL_REVIEW,no_match|bushings|bushings,bushings,Категория и подкатегория не определены правилами.,,,
ХСГ-01284,"Втулка КАМАЗ балансира бронза Р2 (87,0 мм)",,,0,MANUAL_REVIEW,no_match|bushings|bushings,bushings,Категория и подкатегория не определены правилами.,,,
КР-00313,Заглушка ручки сиденья 2108,,,0,MANUAL_REVIEW,no_match|caps_plugs|caps-plugs,caps_plugs,Категория и подкатегория не определены правилами.,,,
КР-00192,Замок задний 2109 в сборе,,,0,MANUAL_REVIEW,no_match|other|other,other,Категория и подкатегория не определены правилами.,,,
РГ-00280,Рем.к-т системы выхлопа УАЗ-469,,,0,MANUAL_REVIEW,no_match|other|other,other,Категория и подкатегория не определены правилами.,,,
РДГ-00170,Замок сред. дв. дополн. верхний Г-3302 N,,,0,MANUAL_REVIEW,no_match|other|other,other,Категория и подкатегория не определены правилами.,,,
ХС-00408,К-т стоек передних 2110 SAKS (за 2 шт),,,0,MANUAL_REVIEW,no_match|other|other,other,Категория и подкатегория не определены правилами.,,,
ХСГ-01116,Втулка башмака балансира МАЗ-938,,,0,MANUAL_REVIEW,no_match|bushings|bushings,bushings,Категория и подкатегория не определены правилами.,,,
РДГ-00219,Скоба будки Газель (средняя),,,0,MANUAL_REVIEW,no_match|other|other,other,Категория и подкатегория не определены правилами.,,,
ИН-00374,Опора SM 23018,,,0,MANUAL_REVIEW,no_match|other|other,other,Категория и подкатегория не определены правилами.,,,
ИН-00557,"Подушка двиг.NMN16RH,NM B15F",,,0,MANUAL_REVIEW,no_match|other|other,other,Категория и подкатегория не определены правилами.,,,
А-00971,Отбойник пер.панели Газель н/о,,,0,MANUAL_REVIEW,no_match|other|other,other,Категория и подкатегория не определены правилами.,,,
Г-00347,Патрубок (инжектор крив.) 5320 КАМАЗ,,,0,MANUAL_REVIEW,no_match|hoses|hoses,hoses,Категория и подкатегория не определены правилами.,,,
Г-00348,Патрубок (инжектор прям.) 5511 КАМАЗ,,,0,MANUAL_REVIEW,no_match|hoses|hoses,hoses,Категория и подкатегория не определены правилами.,,,
ДВ-00289,"Кольцо стопорное d47,5 гайки трубы картер",,,0,MANUAL_REVIEW,no_match|rings|rings,rings,Категория и подкатегория не определены правилами.,,,
ДВ-00396,Пыльник маховика 2108,,,0,MANUAL_REVIEW,no_match|other|other,other,Категория и подкатегория не определены правилами.,,,
ДВ-00486,Шатун Лада-Приора (за 1 шт),,,0,MANUAL_REVIEW,no_match|other|other,other,Категория и подкатегория не определены правилами.,,,
ЗЧМ-00396,Набор тяги газа 2141,,,0,MANUAL_REVIEW,no_match|other|other,other,Категория и подкатегория не определены правилами.,,,
ИН-01434,11210JD20B NISSAN Передняя опора ДВС J1,,,0,MANUAL_REVIEW,no_match|other|other,other,Категория и подкатегория не определены правилами.,,,
К-00142,Шайба стопорная фигурная М 8 д.,,,0,MANUAL_REVIEW,no_match|washers|washers,washers,Категория и подкатегория не определены правилами.,,,
К-00491,Шайба перед. шарнира 2110 (растяжки),,,0,MANUAL_REVIEW,no_match|washers|washers,washers,Категория и подкатегория не определены правилами.,,,
К-00900,Заглушка Веста большая (овал),,,0,MANUAL_REVIEW,no_match|caps_plugs|caps-plugs,caps_plugs,Категория и подкатегория не определены правилами.,,,
КГ-00158,Втулка распорная пром. вала УАЗ (стар. об,,,0,MANUAL_REVIEW,no_match|bushings|bushings,bushings,Категория и подкатегория не определены правилами.,,,
КГ-00417,Втулка соед. глушит. ГАЗ-3302 Евро-3 в сб,,,0,MANUAL_REVIEW,no_match|bushings|bushings,bushings,Категория и подкатегория не определены правилами.,,,
КГ-00482,Шпилька М20*60*1.5 перед. кр-на реакт. шт,,,0,MANUAL_REVIEW,no_match|studs|studs,studs,Категория и подкатегория не определены правилами.,,,
КГ-01292,Клапан обратный д.6 метал.,,,0,MANUAL_REVIEW,no_match|other|other,other,Категория и подкатегория не определены правилами.,,,
КР-00066,Запор бардачка 2105-07,,,0,MANUAL_REVIEW,no_match|other|other,other,Категория и подкатегория не определены правилами.,,,
КР-00566,"Вставка рем. под хомут с гайкой под л/з,",,,0,MANUAL_REVIEW,no_match|clamps|clamps,clamps,Категория и подкатегория не определены правилами.,,,
КР-00575,Соединитель труб под хомут СВД TRS4545,,,0,MANUAL_REVIEW,no_match|fittings|fittings,fittings,Категория и подкатегория не определены правилами.,,,
КР-00576,Соединитель труб под хомут СВД TRS4550,,,0,MANUAL_REVIEW,no_match|fittings|fittings,fittings,Категория и подкатегория не определены правилами.,,,
КР-00577,Соединитель труб под хомут СВД TRS5050,,,0,MANUAL_REVIEW,no_match|fittings|fittings,fittings,Категория и подкатегория не определены правилами.,,,
КР-00578,Соединитель труб под хомут СВД TRS5055,,,0,MANUAL_REVIEW,no_match|fittings|fittings,fittings,Категория и подкатегория не определены правилами.,,,
КР-00579,Соединитель труб под хомут СВД TRS5060,,,0,MANUAL_REVIEW,no_match|fittings|fittings,fittings,Категория и подкатегория не определены правилами.,,,
КР-00580,Соединитель труб под хомут СВД TRS5555,,,0,MANUAL_REVIEW,no_match|fittings|fittings,fittings,Категория и подкатегория не определены правилами.,,,
КР-00581,Соединитель труб под хомут СВД TRS5560,,,0,MANUAL_REVIEW,no_match|fittings|fittings,fittings,Категория и подкатегория не определены правилами.,,,
КР-00582,Соединитель труб под хомут СВД TRS6060,,,0,MANUAL_REVIEW,no_match|fittings|fittings,fittings,Категория и подкатегория не определены правилами.,,,
КР-00649,Трапеция ст. очистителя Нива Урбан в сб.,,,0,MANUAL_REVIEW,no_match|other|other,other,Категория и подкатегория не определены правилами.,,,
ПГ-00395,"К-т подшип. моста ТИМКЕН УАЗ (7510,127509,102304,57707)",,,0,MANUAL_REVIEW,no_match|other|other,other,Категория и подкатегория не определены правилами.,,,
РГ-00309,Рем.к-т кнопки бардачка Г-3302 Б+ (ниж.),,,0,MANUAL_REVIEW,no_match|other|other,other,Категория и подкатегория не определены правилами.,,,
ХСГ-00908,Тяга реактивная ЗИЛ-131,,,0,MANUAL_REVIEW,no_match|other|other,other,Категория и подкатегория не определены правилами.,,,
КГ-00530,"Болт М12*70*1,5 (10,9) с фланцем,конус",,,0,MANUAL_REVIEW,no_match|bolts|bolts,bolts,Категория и подкатегория не определены правилами.,,,
КГ-00576,"Болт М12*75*1,5 (10,9) с фланцем, конус",,,0,MANUAL_REVIEW,no_match|bolts|bolts,bolts,Категория и подкатегория не определены правилами.,,,
КГ-00584,"Болт М12*90*1,5 (10,9) с фланцем, конус",,,0,MANUAL_REVIEW,no_match|bolts|bolts,bolts,Категория и подкатегория не определены правилами.,,,
КГ-00733,"Болт М12*100*1,5 (10,9) с фланцем, конус",,,0,MANUAL_REVIEW,no_match|bolts|bolts,bolts,Категория и подкатегория не определены правилами.,,,
КР-00217,Ремкомплект заднего замка 2108,,,0,MANUAL_REVIEW,no_match|other|other,other,Категория и подкатегория не определены правилами.,,,
Р-00076,К-т патрубков Зил-130,,,0,MANUAL_REVIEW,no_match|other|other,other,Категория и подкатегория не определены правилами.,,,
ДВ-00045,Кольца Кострома Приора 82.0,,,0,MANUAL_REVIEW,no_match|rings|rings,rings,Категория и подкатегория не определены правилами.,,,
А-01728,"Уплотнитель стекол на иномарки, УАЗ 1 м",,,0,MANUAL_REVIEW,no_match|other|other,other,Категория и подкатегория не определены правилами.,,,
ДВ-00167,Постель в сборе 2101-07 Ростов,,,0,MANUAL_REVIEW,no_match|other|other,other,Категория и подкатегория не определены правилами.,,,
ДВ-00185,Трубка опрыскивателя,,,0,MANUAL_REVIEW,no_match|hoses|hoses,hoses,Категория и подкатегория не определены правилами.,,,
КР-00427,Крючок бардачка Приора,,,0,MANUAL_REVIEW,no_match|other|other,other,Категория и подкатегория не определены правилами.,,,
РГ-00274,Рем.к-т приемной трубы УАЗ-469,,,0,MANUAL_REVIEW,no_match|other|other,other,Категория и подкатегория не определены правилами.,,,
ДВ-00736,Кронштейн зад. опоры двиг. X-RAY/Ларгус дв. ВАЗ до 03.2020 г. 845020024,,,0,MANUAL_REVIEW,no_match|other|other,other,Категория и подкатегория не определены правилами.,,,
ДВ-00737,Кронштейн зад. опоры двиг. X-RAY/Ларгус дв. ВАЗ с 03.2020 г. 845091514,,,0,MANUAL_REVIEW,no_match|other|other,other,Категория и подкатегория не определены правилами.,,,
ЗЧМ-00379,Набор блока педалей 2141,,,0,MANUAL_REVIEW,no_match|other|other,other,Категория и подкатегория не определены правилами.,,,
КГ-00468,Болт М8*20 с фланцем пальца суп. ГАЗЕЛЬ,,,0,MANUAL_REVIEW,no_match|bolts|bolts,bolts,Категория и подкатегория не определены правилами.,,,
КГ-01001,"Болт М18*65*1,5 топл. бака, рамы МАЗ",,,0,MANUAL_REVIEW,no_match|bolts|bolts,bolts,Категория и подкатегория не определены правилами.,,,
КГ-01061,"Болт креп. клап. кр. МАЗ М10х145х1,5",,,0,MANUAL_REVIEW,no_match|bolts|bolts,bolts,Категория и подкатегория не определены правилами.,,,
О-00055,Стекло повторителя УАЗ,,,0,MANUAL_REVIEW,no_match|other|other,other,Категория и подкатегория не определены правилами.,,,
О-00748,Стекло повторителя УАЗ № 101,,,0,MANUAL_REVIEW,no_match|other|other,other,Категория и подкатегория не определены правилами.,,,
ХСГ-01235,Полукольцо КАМАЗ коленв. (4 шт) бронз. Р,,,0,MANUAL_REVIEW,no_match|other|other,other,Категория и подкатегория не определены правилами.,,,
ХСГ-01236,Полукольцо КАМАЗ коленв. (4 шт) бронз. Р,,,0,MANUAL_REVIEW,no_match|other|other,other,Категория и подкатегория не определены правилами.,,,
ХСГ-01237,Полукольцо КАМАЗ коленв. (4 шт) бронз. Р,,,0,MANUAL_REVIEW,no_match|other|other,other,Категория и подкатегория не определены правилами.,,,
К-00089,Пробка коробки ВАЗ сливная,,,0,MANUAL_REVIEW,no_match|caps_plugs|caps-plugs,caps_plugs,Категория и подкатегория не определены правилами.,,,
РДГ-00016,Запор форточек УАЗ,,,0,MANUAL_REVIEW,no_match|other|other,other,Категория и подкатегория не определены правилами.,,,
А-01475,Привод замка усиленный (12 кг),,,0,MANUAL_REVIEW,no_match|other|other,other,Категория и подкатегория не определены правилами.,,,
ДВ-00514,Втулки клапанов 2101-08 латунь,,,0,MANUAL_REVIEW,no_match|other|other,other,Категория и подкатегория не определены правилами.,,,
ДВ-00693,"Кольца СТК Приора 82,5",,,0,MANUAL_REVIEW,no_match|rings|rings,rings,Категория и подкатегория не определены правилами.,,,
ЗЧМ-00202,Удлинитель коробки 2140,,,0,MANUAL_REVIEW,no_match|other|other,other,Категория и подкатегория не определены правилами.,,,
ИН-01003,Штуцер-соединитель трубок для иномарок,,,0,MANUAL_REVIEW,no_match|fittings|fittings,fittings,Категория и подкатегория не определены правилами.,,,
РДГ-00153,Ручка люка крыши Газель 2705,,,0,MANUAL_REVIEW,no_match|other|other,other,Категория и подкатегория не определены правилами.,,,
ХСГ-00821,Комплект втулок башмака балансира КАМАЗ,,,0,MANUAL_REVIEW,no_match|other|other,other,Категория и подкатегория не определены правилами.,,,
ПСГ-00202,Манжет подкачки колес КАМАЗ,,,0,MANUAL_REVIEW,no_match|other|other,other,Категория и подкатегория не определены правилами.,,,
РДГ-00152,Замок форточки Зил-130 лев./прав.,,,0,MANUAL_REVIEW,no_match|other|other,other,Категория и подкатегория не определены правилами.,,,
РГ-00256,Рем.к-т ГУРА ЗИЛ-130 (завод),,,0,MANUAL_REVIEW,no_match|other|other,other,Категория и подкатегория не определены правилами.,,,
КР-00622,Замок заднего сидения Калина 1118 (к-т 2 шт),,,0,MANUAL_REVIEW,no_match|other|other,other,Категория и подкатегория не определены правилами.,,,
ХСГ-00899,Бачок масляного ГУРа ГАЗ-3302 Бизнес,,,0,MANUAL_REVIEW,no_match|other|other,other,Категория и подкатегория не определены правилами.,,,
ХСГ-01140,Кольцо манжеты (050),,,0,MANUAL_REVIEW,no_match|rings|rings,rings,Категория и подкатегория не определены правилами.,,,
ДВ-00614,Регулятор давления топлива 2110,,,0,MANUAL_REVIEW,no_match|other|other,other,Категория и подкатегория не определены правилами.,,,
ПСГ-00581,Рем. к-т коллектора 406 дв.,,,0,MANUAL_REVIEW,no_match|other|other,other,Категория и подкатегория не определены правилами.,,,
ХС-00476,К-т передних стоек ЛАДА-Гранта 2190,,,0,MANUAL_REVIEW,no_match|other|other,other,Категория и подкатегория не определены правилами.,,,
ДВ-00300,Гидрокомпенсаторы ВАЗ 16-клап. дв. (импор,,,0,MANUAL_REVIEW,no_match|other|other,other,Категория и подкатегория не определены правилами.,,,
КР-00440,Кожух руля Приора,,,0,MANUAL_REVIEW,no_match|other|other,other,Категория и подкатегория не определены правилами.,,,
ХС-00193,Тяги средние Трек 2101-07,,,0,MANUAL_REVIEW,no_match|other|other,other,Категория и подкатегория не определены правилами.,,,
ХС-00040,Шруз внутр. левый Нива,,,0,MANUAL_REVIEW,no_match|other|other,other,Категория и подкатегория не определены правилами.,,,
ИН-00217,"Патрубок сапуна Шевроле-Ланос,Дэу",,,0,MANUAL_REVIEW,no_match|hoses|hoses,hoses,Категория и подкатегория не определены правилами.,,,
К-00149,Сапун коробки ВАЗ,,,0,MANUAL_REVIEW,no_match|other|other,other,Категория и подкатегория не определены правилами.,,,
ХС-00424,Тяги реактивные Нива н. обр. (регулируемы,,,0,MANUAL_REVIEW,no_match|other|other,other,Категория и подкатегория не определены правилами.,,,
ХС-00529,Промвал Нива н. обр. усилен. (на крестовине),,,0,MANUAL_REVIEW,no_match|other|other,other,Категория и подкатегория не определены правилами.,,,
ДВ-00049,Клапаны 2112 16 кл. к-т SM,,,0,MANUAL_REVIEW,no_match|other|other,other,Категория и подкатегория не определены правилами.,,,
ПСГ-00176,Кольца гильз КАМАЗ,,,0,MANUAL_REVIEW,no_match|rings|rings,rings,Категория и подкатегория не определены правилами.,,,
ХСГ-01057,Втулки балансира КАМАЗ (к-т),,,0,MANUAL_REVIEW,no_match|other|other,other,Категория и подкатегория не определены правилами.,,,
РДГ-00134,Ручка внутренняя задняя Газель,,,0,MANUAL_REVIEW,no_match|other|other,other,Категория и подкатегория не определены правилами.,,,
ХС-00444,Промвал Нива на крестовине,,,0,MANUAL_REVIEW,no_match|other|other,other,Категория и подкатегория не определены правилами.,,,
ХС-00190,Пыльник колес Нива,,,0,MANUAL_REVIEW,no_match|other|other,other,Категория и подкатегория не определены правилами.,,,
ХС-00454,Пыльник дисков Нива,,,0,MANUAL_REVIEW,no_match|other|other,other,Категория и подкатегория не определены правилами.,,,
ДВ-00437,Кольца кострома ВАЗ,,,0,MANUAL_REVIEW,no_match|rings|rings,rings,Категория и подкатегория не определены правилами.,,,
Б-00004,Буфер перед. н/о 3 2803010-53205,,,0,MANUAL_REVIEW,no_match|other|other,other,Категория и подкатегория не определены правилами.,,,
ЗЧМ-00457,Набор стопоров коробки 2141,,,0,MANUAL_REVIEW,no_match|other|other,other,Категория и подкатегория не определены правилами.,,,
ИН-00855,30812ASAM Регулятор х/х Renault Logan/S,,,0,MANUAL_REVIEW,no_match|other|other,other,Категория и подкатегория не определены правилами.,,,
К-00375,Скоба троса воздушной заслонки,,,0,MANUAL_REVIEW,no_match|other|other,other,Категория и подкатегория не определены правилами.,,,
КГ-00287,Насадка на шланг подкачки,,,0,MANUAL_REVIEW,no_match|hoses|hoses,hoses,Категория и подкатегория не определены правилами.,,,
РДГ-00065,Тройник ручки УАЗ,,,0,MANUAL_REVIEW,no_match|fittings|fittings,fittings,Категория и подкатегория не определены правилами.,,,
Г-00235,Заменитель коллектора 8кл. инж.,,,0,MANUAL_REVIEW,no_match|other|other,other,Категория и подкатегория не определены правилами.,,,
Г-00236,Заменитель коллектора 16 кл. инж.,,,0,MANUAL_REVIEW,no_match|other|other,other,Категория и подкатегория не определены правилами.,,,
ДВ-00042,Регулятор клапанов 2101-07,,,0,MANUAL_REVIEW,no_match|other|other,other,Категория и подкатегория не определены правилами.,,,
ДВ-00133,Пыльник ремня 2105,,,0,MANUAL_REVIEW,no_match|other|other,other,Категория и подкатегория не определены правилами.,,,
ДВ-00172,Втулки масляного привода,,,0,MANUAL_REVIEW,no_match|other|other,other,Категория и подкатегория не определены правилами.,,,
ДВ-00183,Пыльник ремня 2108-09,,,0,MANUAL_REVIEW,no_match|other|other,other,Категория и подкатегория не определены правилами.,,,
ДВ-00361,Кожух печки 2108 (к-т 2 шт),,,0,MANUAL_REVIEW,no_match|heater_parts|heater-parts,heater_parts,Категория и подкатегория не определены правилами.,,,
ДВ-00383,"Кольца н. обр. ""Прагматик"" (Ярославль)",,,0,MANUAL_REVIEW,no_match|rings|rings,rings,Категория и подкатегория не определены правилами.,,,
ДВ-00556,Трубка натяжителя Шеви н. обр.,,,0,MANUAL_REVIEW,no_match|hoses|hoses,hoses,Категория и подкатегория не определены правилами.,,,
ДВ-00720,К-т клапанов ВАЗ 11182 (8 кл) дв. 90 л/с,,,0,MANUAL_REVIEW,no_match|other|other,other,Категория и подкатегория не определены правилами.,,,
ДВ-00742,"Маховик Веста, X-RAY дв. 1.8 21176-100511500",,,0,MANUAL_REVIEW,no_match|other|other,other,Категория и подкатегория не определены правилами.,,,
ЗЧМ-00342,Гайка трамблера 2141,,,0,MANUAL_REVIEW,no_match|nuts|nuts,nuts,Категория и подкатегория не определены правилами.,,,
ЗЧМ-00404,Тяга реактивная 2141,,,0,MANUAL_REVIEW,no_match|other|other,other,Категория и подкатегория не определены правилами.,,,
ИН-00484,Т36398 Натяжитель ремня приводного FORD F,,,0,MANUAL_REVIEW,no_match|other|other,other,Категория и подкатегория не определены правилами.,,,
ИН-00804,Трубки для иномарок - 60 см,,,0,MANUAL_REVIEW,no_match|other|other,other,Категория и подкатегория не определены правилами.,,,
ИН-00995,СВ-Р 9945 Опора переднего привода,,,0,MANUAL_REVIEW,no_match|other|other,other,Категория и подкатегория не определены правилами.,,,
ИН-01101,Трубки для иномарок 20 см,,,0,MANUAL_REVIEW,no_match|other|other,other,Категория и подкатегория не определены правилами.,,,
ИН-01102,Трубки для иномарок 30 см,,,0,MANUAL_REVIEW,no_match|other|other,other,Категория и подкатегория не определены правилами.,,,
ИН-01527,MLS-199 Шпилька для грузовика,,,0,MANUAL_REVIEW,no_match|studs|studs,studs,Категория и подкатегория не определены правилами.,,,
К-00154,Направляющая втулки коробки ВАЗ,,,0,MANUAL_REVIEW,no_match|other|other,other,Категория и подкатегория не определены правилами.,,,
К-00192,Стопор гаек приёмной трубы ВАЗ,,,0,MANUAL_REVIEW,no_match|other|other,other,Категория и подкатегория не определены правилами.,,,
К-00585,Шайба регулировочная перед. шарнира 2108,,,0,MANUAL_REVIEW,no_match|washers|washers,washers,Категория и подкатегория не определены правилами.,,,
К-00707,Болты на реактивные тяги Нива в сборе,,,0,MANUAL_REVIEW,no_match|bolts|bolts,bolts,Категория и подкатегория не определены правилами.,,,
КГ-00473,Болт М10*60*1.5 мм кр.-на передней опоры,,,0,MANUAL_REVIEW,no_match|bolts|bolts,bolts,Категория и подкатегория не определены правилами.,,,
КГ-00502,Кольцо стопорное d=58 для отв. рул. редук,,,0,MANUAL_REVIEW,no_match|rings|rings,rings,Категория и подкатегория не определены правилами.,,,
КГ-00730,Гайка М27х1.5 шпильки балансира зад. подв,,,0,MANUAL_REVIEW,no_match|nuts|nuts,nuts,Категория и подкатегория не определены правилами.,,,
КГ-01168,Подушка охладителя надува Г-3302 NEXT (дв. Камминс 2.8),,,0,MANUAL_REVIEW,no_match|other|other,other,Категория и подкатегория не определены правилами.,,,
КР-00065,Тяга замка внутрен.,,,0,MANUAL_REVIEW,no_match|other|other,other,Категория и подкатегория не определены правилами.,,,
КР-00250,"Крюк буксировочный Веста, X-RAY",,,0,MANUAL_REVIEW,no_match|other|other,other,Категория и подкатегория не определены правилами.,,,
О-00191,Стекло пер. Газель,,,0,MANUAL_REVIEW,no_match|other|other,other,Категория и подкатегория не определены правилами.,,,
ОК-00117,Патрубок подогрева Ока-Таврия,,,0,MANUAL_REVIEW,no_match|hoses|hoses,hoses,Категория и подкатегория не определены правилами.,,,
ПСГ-00310,Рем. к-т выпускного коллектора 406-405 дв.,,,0,MANUAL_REVIEW,no_match|other|other,other,Категория и подкатегория не определены правилами.,,,
ПСГ-00550,Лента крепления б/бака Газель,,,0,MANUAL_REVIEW,no_match|other|other,other,Категория и подкатегория не определены правилами.,,,
РГ-00003,"Рем.к-т подъёмника ЗИЛ 4-х шток., силикон",,,0,MANUAL_REVIEW,no_match|other|other,other,Категория и подкатегория не определены правилами.,,,
РГ-00034,Манжеты ускорителя ГАЗ,,,0,MANUAL_REVIEW,no_match|other|other,other,Категория и подкатегория не определены правилами.,,,
РГ-00201,Рем.к-т дополнительного мотора ГАЗ-3302,,,0,MANUAL_REVIEW,no_match|other|other,other,Категория и подкатегория не определены правилами.,,,
РГ-00257,Рем.к-т бардачка Газель ст. обр.,,,0,MANUAL_REVIEW,no_match|other|other,other,Категория и подкатегория не определены правилами.,,,
РДГ-00079,"Ручки бокового окна ""Соболь""",,,0,MANUAL_REVIEW,no_match|other|other,other,Категория и подкатегория не определены правилами.,,,
РДГ-00094,"Механизм замка дв. Г-2705, 3302 Б+ лев. н/о Чехия",,,0,MANUAL_REVIEW,no_match|other|other,other,Категория и подкатегория не определены правилами.,,,
РДГ-00123,"Ручка центрального переключателя света ГАЗ-2410, 3302",,,0,MANUAL_REVIEW,no_match|other|other,other,Категория и подкатегория не определены правилами.,,,
РДГ-00145,Ручка центр. переключателя света ГАЗ-311,,,0,MANUAL_REVIEW,no_match|other|other,other,Категория и подкатегория не определены правилами.,,,
РДГ-00199,"Замок зад. борта УАЗ-Pickup (к-т: лев.,",,,0,MANUAL_REVIEW,no_match|other|other,other,Категория и подкатегория не определены правилами.,,,
РДГ-00263,Ручка замка ящика вещевог7о Г-3302 Б+,,,0,MANUAL_REVIEW,no_match|other|other,other,Категория и подкатегория не определены правилами.,,,
РДГ-00264,Ручка замка ящика вещевого Г-3302 NEXT,,,0,MANUAL_REVIEW,no_match|other|other,other,Категория и подкатегория не определены правилами.,,,
ХС-00063,Стакан отбойника Нива,,,0,MANUAL_REVIEW,no_match|other|other,other,Категория и подкатегория не определены правилами.,,,
ХС-00222,Подушка двиг. 2112 верх. в сборе н/о,,,0,MANUAL_REVIEW,no_match|other|other,other,Категория и подкатегория не определены правилами.,,,
ХС-00338,Комплект реактивных тяг 2101-07 (Севи),,,0,MANUAL_REVIEW,no_match|other|other,other,Категория и подкатегория не определены правилами.,,,
ХС-00441,Набор шайб из 2-х штук Нива,,,0,MANUAL_REVIEW,no_match|other|other,other,Категория и подкатегория не определены правилами.,,,
ХС-00574,Кольцо ШРУЗА 2108 (наружное),,,0,MANUAL_REVIEW,no_match|rings|rings,rings,Категория и подкатегория не определены правилами.,,,
ХСГ-00364,Бачок маслян. ГУРа ГАЗ-3110 (метал.),,,0,MANUAL_REVIEW,no_match|other|other,other,Категория и подкатегория не определены правилами.,,,
ХСГ-00743,Гл. пара дифференциала УАЗ-Хантер дв.409,,,0,MANUAL_REVIEW,no_match|other|other,other,Категория и подкатегория не определены правилами.,,,
ХСГ-00744,Гл. пара дифференциала УАЗ-Хантер дв.421,,,0,MANUAL_REVIEW,no_match|other|other,other,Категория и подкатегория не определены правилами.,,,
ХСГ-00773,Пальцы реактивные КАМАЗ н. обр.,,,0,MANUAL_REVIEW,no_match|other|other,other,Категория и подкатегория не определены правилами.,,,
ХСГ-01394,Кольцо стопорное штанги реактивной (под ШС-50) 1Б75 МАЗ,,,0,MANUAL_REVIEW,no_match|rings|rings,rings,Категория и подкатегория не определены правилами.,,,
ХС-00324,Маятник Шеви Нива 2123,,,0,MANUAL_REVIEW,no_match|other|other,other,Категория и подкатегория не определены правилами.,,,
ДВ-00175,Кран печки 2108 (Керамика),,,0,MANUAL_REVIEW,no_match|heater_parts|heater-parts,heater_parts,Категория и подкатегория не определены правилами.,,,
РГ-00270,Рем.к-т приемной трубы УАЗ,,,0,MANUAL_REVIEW,no_match|other|other,other,Категория и подкатегория не определены правилами.,,,
РГ-00273,Рем.к-т приемной трубы УАЗ,,,0,MANUAL_REVIEW,no_match|other|other,other,Категория и подкатегория не определены правилами.,,,
РГ-00275,Рем.к-т приемной трубы УАЗ,,,0,MANUAL_REVIEW,no_match|other|other,other,Категория и подкатегория не определены правилами.,,,
РДГ-00183,Замок дв. кабины ГАЗ-3302 NEXT левый,,,0,MANUAL_REVIEW,no_match|other|other,other,Категория и подкатегория не определены правилами.,,,
РДГ-00184,Замок дв. кабины ГАЗ-3302 NEXT правый,,,0,MANUAL_REVIEW,no_match|other|other,other,Категория и подкатегория не определены правилами.,,,
ХСГ-00782,К-т шайб дифференциала ЗИЛ-Бычок,,,0,MANUAL_REVIEW,no_match|other|other,other,Категория и подкатегория не определены правилами.,,,
ДВ-00223,Кольца ВАЗ СТК,,,0,MANUAL_REVIEW,no_match|rings|rings,rings,Категория и подкатегория не определены правилами.,,,
ХС-00060,Сошка маятника Нива 2121,,,0,MANUAL_REVIEW,no_match|other|other,other,Категория и подкатегория не определены правилами.,,,
ХС-00061,Сошка маятника Нива 21213,,,0,MANUAL_REVIEW,no_match|other|other,other,Категория и подкатегория не определены правилами.,,,
ХС-00204,Балка задняя Нива,,,0,MANUAL_REVIEW,no_match|other|other,other,Категория и подкатегория не определены правилами.,,,
ХС-00398,Балка передняя Нива 2121-21213,,,0,MANUAL_REVIEW,no_match|other|other,other,Категория и подкатегория не определены правилами.,,,
КР-00640,К-т трубок печки Ларгус (к-т из 2-х шт),,,0,MANUAL_REVIEW,no_match|heater_parts|heater-parts,heater_parts,Категория и подкатегория не определены правилами.,,,
ОК-00152,Кольцо стопорное внутр. большое,,,0,MANUAL_REVIEW,no_match|rings|rings,rings,Категория и подкатегория не определены правилами.,,,
ХСГ-00681,"Кроншт. крепл. стабил. зад. ГАЗ-3302, 27",,,0,MANUAL_REVIEW,no_match|other|other,other,Категория и подкатегория не определены правилами.,,,
КР-00479,Тонннель пола Приора 2170 (за 2 шт),,,0,MANUAL_REVIEW,no_match|other|other,other,Категория и подкатегория не определены правилами.,,,
ХСГ-01288,Кронштейн КАМАЗ реактивной штанги перед. КМД 5320-2919090,,,0,MANUAL_REVIEW,no_match|other|other,other,Категория и подкатегория не определены правилами.,,,
ДВ-00491,Комплект распред.валов 16 кл. дв. (за 2 ш,,,0,MANUAL_REVIEW,no_match|other|other,other,Категория и подкатегория не определены правилами.,,,
КГ-00185,Болт механизма натяж. ремня верх. (дв. Ка,,,0,MANUAL_REVIEW,no_match|bolts|bolts,bolts,Категория и подкатегория не определены правилами.,,,
ХСГ-00365,Бачок маслян. ГУРа ГАЗ-3110 (пластм.),,,0,MANUAL_REVIEW,no_match|other|other,other,Категория и подкатегория не определены правилами.,,,
ХСГ-01046,Втулка-бочонок МАЗ-5516 д.45,,,0,MANUAL_REVIEW,no_match|bushings|bushings,bushings,Категория и подкатегория не определены правилами.,,,
КР-00343,Замок вещевого ящика Ваз 2110,,,0,MANUAL_REVIEW,no_match|other|other,other,Категория и подкатегория не определены правилами.,,,
КР-00344,Замок вещевого ящика Ваз 2115,,,0,MANUAL_REVIEW,no_match|other|other,other,Категория и подкатегория не определены правилами.,,,
РГ-00232,Рем.к-т подъёмника МАЗ-5551,,,0,MANUAL_REVIEW,no_match|other|other,other,Категория и подкатегория не определены правилами.,,,
ПСГ-00624,Рем. к-т коллектора дв.274 Иватек,,,0,MANUAL_REVIEW,no_match|other|other,other,Категория и подкатегория не определены правилами.,,,
КР-00114,Болт опоры замка 2108,,,0,MANUAL_REVIEW,no_match|bolts|bolts,bolts,Категория и подкатегория не определены правилами.,,,
КР-00160,Замки в сборе 2102,,,0,MANUAL_REVIEW,no_match|other|other,other,Категория и подкатегория не определены правилами.,,,
ЗЧМ-00495,Рем. комплект зад. балки 2141,,,0,MANUAL_REVIEW,no_match|other|other,other,Категория и подкатегория не определены правилами.,,,
РГ-00298,Рем.к-т блока педалей Газель,,,0,MANUAL_REVIEW,no_match|other|other,other,Категория и подкатегория не определены правилами.,,,
ДВ-00125,"Трубка рампы Гранта пластм., 1 шт",,,0,MANUAL_REVIEW,no_match|hoses|hoses,hoses,Категория и подкатегория не определены правилами.,,,
ДВ-00679,Пластина установки клап. 2101-07,,,0,MANUAL_REVIEW,no_match|other|other,other,Категория и подкатегория не определены правилами.,,,
ЗЧМ-00177,Крышка воздухоочистителя 2141,,,0,MANUAL_REVIEW,no_match|caps_plugs|caps-plugs,caps_plugs,Категория и подкатегория не определены правилами.,,,
К-00055,Скоба трамблера ВАЗ 01-07,,,0,MANUAL_REVIEW,no_match|ignition_distributor|ignition-distributor,ignition_distributor,Категория и подкатегория не определены правилами.,,,
К-00057,Скоба печки ВАЗ 01-07,,,0,MANUAL_REVIEW,no_match|heater_parts|heater-parts,heater_parts,Категория и подкатегория не определены правилами.,,,
К-00088,Стопор газовой тяги ВАЗ,,,0,MANUAL_REVIEW,no_match|other|other,other,Категория и подкатегория не определены правилами.,,,
К-00106,Болт реактивных тяг длинный,,,0,MANUAL_REVIEW,no_match|bolts|bolts,bolts,Категория и подкатегория не определены правилами.,,,
К-00129,Уголёк трамблера ВАЗ 01-07,,,0,MANUAL_REVIEW,no_match|ignition_distributor|ignition-distributor,ignition_distributor,Категория и подкатегория не определены правилами.,,,
К-00130,Скоба трамблера ВАЗ 01-07,,,0,MANUAL_REVIEW,no_match|ignition_distributor|ignition-distributor,ignition_distributor,Категория и подкатегория не определены правилами.,,,
К-00279,Шпилька ремонтная распред. вала 2101-07,,,0,MANUAL_REVIEW,no_match|studs|studs,studs,Категория и подкатегория не определены правилами.,,,
ОК-00108,Ремкомплект трамблера,,,0,MANUAL_REVIEW,no_match|ignition_distributor|ignition-distributor,ignition_distributor,Категория и подкатегория не определены правилами.,,,
РГ-00233,"Рем.к-т РДВ МАЗ, КРАЗ",,,0,MANUAL_REVIEW,no_match|other|other,other,Категория и подкатегория не определены правилами.,,,
ХСГ-01113,Шайба регулировки хвостовика УАЗ редук.,,,0,MANUAL_REVIEW,no_match|washers|washers,washers,Категория и подкатегория не определены правилами.,,,
ХСГ-01233,Башмак баланс КАМАЗ-6520,,,0,MANUAL_REVIEW,no_match|other|other,other,Категория и подкатегория не определены правилами.,,,
ХСГ-01289,Подушка КАМАЗ-53215 стабилиз. D32мм,,,0,MANUAL_REVIEW,no_match|other|other,other,Категория и подкатегория не определены правилами.,,,
ХСГ-01345,Проставка-расширитель колеи УАЗ 25мм (устан. к-т),,,0,MANUAL_REVIEW,no_match|other|other,other,Категория и подкатегория не определены правилами.,,,
ДВ-00235,Кольца ВАЗ MAHLE,,,0,MANUAL_REVIEW,no_match|rings|rings,rings,Категория и подкатегория не определены правилами.,,,
ХСГ-00781,К-т шайб дифференциала ЗИЛ-130,,,0,MANUAL_REVIEW,no_match|other|other,other,Категория и подкатегория не определены правилами.,,,
КР-00143,Крышка бачка омывателя 2108,,,0,MANUAL_REVIEW,no_match|caps_plugs|caps-plugs,caps_plugs,Категория и подкатегория не определены правилами.,,,
ХС-00154,Балка перед. 2110,,,0,MANUAL_REVIEW,no_match|other|other,other,Категория и подкатегория не определены правилами.,,,
КГ-00504,Кольцо стопорное d=30 для отв. вала рул.,,,0,MANUAL_REVIEW,no_match|rings|rings,rings,Категория и подкатегория не определены правилами.,,,
ДВ-00457,Контролер Приора,,,0,MANUAL_REVIEW,no_match|other|other,other,Категория и подкатегория не определены правилами.,,,
КГ-00946,Гайка коромысел Г-3302 NEXT (дв. Камминс,,,0,MANUAL_REVIEW,no_match|nuts|nuts,nuts,Категория и подкатегория не определены правилами.,,,
РДГ-00224,Крышка бачка Гура КАМАЗ,,,0,MANUAL_REVIEW,no_match|caps_plugs|caps-plugs,caps_plugs,Категория и подкатегория не определены правилами.,,,
КР-00428,Крючок бардачка Калина,,,0,MANUAL_REVIEW,no_match|other|other,other,Категория и подкатегория не определены правилами.,,,
КГ-01321,Шпильки колёс ГАЗ-3307,,,0,MANUAL_REVIEW,no_match|other|other,other,Категория и подкатегория не определены правилами.,,,
РГ-00302,Рем.к-т Гура Валдай,,,0,MANUAL_REVIEW,no_match|other|other,other,Категория и подкатегория не определены правилами.,,,
РГ-00307,Рем.к-т центрифуги МАЗ,,,0,MANUAL_REVIEW,no_match|other|other,other,Категория и подкатегория не определены правилами.,,,
ХС-00409,"К-т перед. стоек 2108 (SS-20,за 2 шт)",,,0,MANUAL_REVIEW,no_match|other|other,other,Категория и подкатегория не определены правилами.,,,
ХС-00410,"К-т перед. стоек 2110 (SS-20, за 2 шт)",,,0,MANUAL_REVIEW,no_match|other|other,other,Категория и подкатегория не определены правилами.,,,
ХСГ-00003,Втулка балансира КАМАЗ,,,0,MANUAL_REVIEW,no_match|bushings|bushings,bushings,Категория и подкатегория не определены правилами.,,,
ПСГ-00622,Рем. к-т коллектора 4216,,,0,MANUAL_REVIEW,no_match|other|other,other,Категория и подкатегория не определены правилами.,,,
ИН-00288,29752F [N90765301] кольцо уплотнит. сист,,,0,MANUAL_REVIEW,no_match|rings|rings,rings,Категория и подкатегория не определены правилами.,,,
К-00001,Гайка м 8 сапуна ВАЗ 01-07,,,0,MANUAL_REVIEW,no_match|nuts|nuts,nuts,Категория и подкатегория не определены правилами.,,,
Р-00046,Кран прицепа грузовой,,,0,MANUAL_REVIEW,no_match|other|other,other,Категория и подкатегория не определены правилами.,,,
А-01363,"Накладки фар верхн. Приора, 2 шт",,,0,MANUAL_REVIEW,no_match|other|other,other,Категория и подкатегория не определены правилами.,,,
ДВ-00496,"Коллектор реверс 16 кл. дв., дв. 1.6",,,0,MANUAL_REVIEW,no_match|other|other,other,Категория и подкатегория не определены правилами.,,,
ДВ-00617,"Кольца ВАЗ - 76,5",,,0,MANUAL_REVIEW,no_match|rings|rings,rings,Категория и подкатегория не определены правилами.,,,
ДВ-00624,Поддон Гранта 21902 (алюм.),,,0,MANUAL_REVIEW,no_match|other|other,other,Категория и подкатегория не определены правилами.,,,
ДВ-00645,К-т трубок кондиционера Калина после 2015,,,0,MANUAL_REVIEW,no_match|conditioner_parts|conditioner-parts,conditioner_parts,Категория и подкатегория не определены правилами.,,,
ДВ-00723,Соединитель воздушных шлангов 2107 инж.,,,0,MANUAL_REVIEW,no_match|fittings|fittings,fittings,Категория и подкатегория не определены правилами.,,,
ДВ-00724,Соединитель воздушных шлангов 21214 инж.,,,0,MANUAL_REVIEW,no_match|fittings|fittings,fittings,Категория и подкатегория не определены правилами.,,,
ЗЧМ-00150,Подушка коробки 2141,,,0,MANUAL_REVIEW,no_match|other|other,other,Категория и подкатегория не определены правилами.,,,
К-00727,Болт шатунный Калина,,,0,MANUAL_REVIEW,no_match|bolts|bolts,bolts,Категория и подкатегория не определены правилами.,,,
КГ-00067,"Шпилька поддона ГАЗ, УАЗ с гайкой",,,0,MANUAL_REVIEW,no_match|studs|studs,studs,Категория и подкатегория не определены правилами.,,,
КГ-00295,Стопор ( 1 шт),,,0,MANUAL_REVIEW,no_match|other|other,other,Категория и подкатегория не определены правилами.,,,
КГ-00296,Гайка М20*1.5 хвостовика Волга н. обр.,,,0,MANUAL_REVIEW,no_match|nuts|nuts,nuts,Категория и подкатегория не определены правилами.,,,
КГ-00394,Гайка М16*1.5 коронч. (прав.резьбы)вала н,,,0,MANUAL_REVIEW,no_match|nuts|nuts,nuts,Категория и подкатегория не определены правилами.,,,
КГ-00801,Палец М10х30 педали акселератора 260058,,,0,MANUAL_REVIEW,no_match|other|other,other,Категория и подкатегория не определены правилами.,,,
КГ-00890,Болт звездочки р/вала Г-3302 (дв. Камминс,,,0,MANUAL_REVIEW,no_match|bolts|bolts,bolts,Категория и подкатегория не определены правилами.,,,
КГ-00910,"Кронштейн противотуманок Газель-Бизнес, 1",,,0,MANUAL_REVIEW,no_match|other|other,other,Категория и подкатегория не определены правилами.,,,
КГ-01264,"Пробка 24*12*1,5 с магнитом",,,0,MANUAL_REVIEW,no_match|caps_plugs|caps-plugs,caps_plugs,Категория и подкатегория не определены правилами.,,,
КР-00019,Отвод печки бол.,,,0,MANUAL_REVIEW,no_match|heater_parts|heater-parts,heater_parts,Категория и подкатегория не определены правилами.,,,
КР-00033,Отвод печки мал.,,,0,MANUAL_REVIEW,no_match|heater_parts|heater-parts,heater_parts,Категория и подкатегория не определены правилами.,,,
КР-00525,Лючок б/бака ВАЗ 2114,,,0,MANUAL_REVIEW,no_match|other|other,other,Категория и подкатегория не определены правилами.,,,
КР-00547,Трубка печная большая 2101-07 (завод),,,0,MANUAL_REVIEW,no_match|hoses|hoses,hoses,Категория и подкатегория не определены правилами.,,,
КР-00548,Трубка печная малая 2101-07 (завод),,,0,MANUAL_REVIEW,no_match|hoses|hoses,hoses,Категория и подкатегория не определены правилами.,,,
КР-00600,Лючок б/бака ВАЗ 2115,,,0,MANUAL_REVIEW,no_match|other|other,other,Категория и подкатегория не определены правилами.,,,
ХСГ-00674,Рем.комплект маятника СобольЗМЗ,,,0,MANUAL_REVIEW,no_match|other|other,other,Категория и подкатегория не определены правилами.,,,
ХСГ-00690,Маятник ЛУАЗ,,,0,MANUAL_REVIEW,no_match|other|other,other,Категория и подкатегория не определены правилами.,,,
ХСГ-01106,Пластина КАМАЗ крестовины стопорная,,,0,MANUAL_REVIEW,no_match|other|other,other,Категория и подкатегория не определены правилами.,,,
ХС-00237,Картридж перед. стоек 2108 (за 1 шт),,,0,MANUAL_REVIEW,no_match|other|other,other,Категория и подкатегория не определены правилами.,,,
КГ-00122,Ось педали ГАЗ-3302,,,0,MANUAL_REVIEW,no_match|other|other,other,Категория и подкатегория не определены правилами.,,,
ДВ-00138,Крышка масл. горловины,,,0,MANUAL_REVIEW,no_match|caps_plugs|caps-plugs,caps_plugs,Категория и подкатегория не определены правилами.,,,
КР-00252,Тросы печки 2114 (к-т),,,0,MANUAL_REVIEW,no_match|heater_parts|heater-parts,heater_parts,Категория и подкатегория не определены правилами.,,,
КР-00312,"Тросы печки 21083 (к-т, 3 шт)",,,0,MANUAL_REVIEW,no_match|heater_parts|heater-parts,heater_parts,Категория и подкатегория не определены правилами.,,,
ДВ-00048,Трубка бензиновая 2108 (обратки),,,0,MANUAL_REVIEW,no_match|hoses|hoses,hoses,Категория и подкатегория не определены правилами.,,,
КГ-00176,Шпилька коренных шеек ГАЗ-2410,,,0,MANUAL_REVIEW,no_match|studs|studs,studs,Категория и подкатегория не определены правилами.,,,
КР-00463,Лента крепления бака 2110 (2 шт),,,0,MANUAL_REVIEW,no_match|other|other,other,Категория и подкатегория не определены правилами.,,,
ХСГ-00675,Кронштейн крепл. муфты подв. ГАЗ-3302 (н,,,0,MANUAL_REVIEW,no_match|other|other,other,Категория и подкатегория не определены правилами.,,,
КГ-00303,Кольцо стопорное пром. вала УАЗ,,,0,MANUAL_REVIEW,no_match|rings|rings,rings,Категория и подкатегория не определены правилами.,,,
РГ-00293,Рем.к-т подъемника ЗИЛ № 55102,,,0,MANUAL_REVIEW,no_match|other|other,other,Категория и подкатегория не определены правилами.,,,
ХС-00435,К-т перед. стоек Гранта,,,0,MANUAL_REVIEW,no_match|other|other,other,Категория и подкатегория не определены правилами.,,,
ЗЧМ-00612,Синхронизатор в сборе 2141 5-ой передачи,,,0,MANUAL_REVIEW,no_match|other|other,other,Категория и подкатегория не определены правилами.,,,
А-02427,Сигнал Вымпел S-105 зад. хода,,,0,MANUAL_REVIEW,no_match|other|other,other,Категория и подкатегория не определены правилами.,,,
ДВ-00313,Ремкомплект натяжителя цепи 2101-07,,,0,MANUAL_REVIEW,no_match|other|other,other,Категория и подкатегория не определены правилами.,,,
ДВ-00405,Рампа форсунок дв. 1.6 16 кл.,,,0,MANUAL_REVIEW,no_match|other|other,other,Категория и подкатегория не определены правилами.,,,
К-00386,Болт задней балки 2108-09 М12х91,,,0,MANUAL_REVIEW,no_match|bolts|bolts,bolts,Категория и подкатегория не определены правилами.,,,
КГ-00989,Болт крышки натяж. цепи Г-3302 (дв. Камми,,,0,MANUAL_REVIEW,no_match|bolts|bolts,bolts,Категория и подкатегория не определены правилами.,,,
КР-00641,К-т трубок печки Веста (к-т из 2-х шт),,,0,MANUAL_REVIEW,no_match|heater_parts|heater-parts,heater_parts,Категория и подкатегория не определены правилами.,,,
ПСГ-00623,"Рем. к-т коллектора NEXT 2,8",,,0,MANUAL_REVIEW,no_match|other|other,other,Категория и подкатегория не определены правилами.,,,
ХС-00151,Гайка стоек 2108-2110 перед.,,,0,MANUAL_REVIEW,no_match|nuts|nuts,nuts,Категория и подкатегория не определены правилами.,,,
КГ-01303,"К-т установочный УАЗ-469,3151",,,0,MANUAL_REVIEW,no_match|other|other,other,Категория и подкатегория не определены правилами.,,,
ДВ-00245,Переходник маслян. ВАЗ,,,0,MANUAL_REVIEW,no_match|fittings|fittings,fittings,Категория и подкатегория не определены правилами.,,,
А-02202,"Ручки 2106 перед. н/о, 2 шт",,,0,MANUAL_REVIEW,no_match|other|other,other,Категория и подкатегория не определены правилами.,,,
ЗЧМ-00274,Редукционный клапан 2141,,,0,MANUAL_REVIEW,no_match|other|other,other,Категория и подкатегория не определены правилами.,,,
К-00023,Шайба М 8 д. постели ВАЗ 01-07,,,0,MANUAL_REVIEW,no_match|washers|washers,washers,Категория и подкатегория не определены правилами.,,,
К-00049,Шайба развала ВАЗ 08-09,,,0,MANUAL_REVIEW,no_match|washers|washers,washers,Категория и подкатегория не определены правилами.,,,
К-00059,Шайба развала ВАЗ 01-07,,,0,MANUAL_REVIEW,no_match|washers|washers,washers,Категория и подкатегория не определены правилами.,,,
КГ-00121,Гайка М45 сошки ГУРа 4310,,,0,MANUAL_REVIEW,no_match|nuts|nuts,nuts,Категория и подкатегория не определены правилами.,,,
КГ-00259,Болт М8Х38*1.25мм передней крышки 406 дв.,,,0,MANUAL_REVIEW,no_match|bolts|bolts,bolts,Категория и подкатегория не определены правилами.,,,
РГ-00284,Рем.к-т коллектора 406 дв.,,,0,MANUAL_REVIEW,no_match|other|other,other,Категория и подкатегория не определены правилами.,,,
ДВ-00732,Реверс пластиковый ВАЗ 2111-1008600-02,,,0,MANUAL_REVIEW,no_match|other|other,other,Категория и подкатегория не определены правилами.,,,
ХС-00289,Ось задняя 2108 в сборе,,,0,MANUAL_REVIEW,no_match|other|other,other,Категория и подкатегория не определены правилами.,,,
КР-00414,Печка в сборе 2110,,,0,MANUAL_REVIEW,no_match|heater_parts|heater-parts,heater_parts,Категория и подкатегория не определены правилами.,,,
ДВ-00641,Трубки кондиционера Нива 2123 ст. обр. (к,,,0,MANUAL_REVIEW,no_match|conditioner_parts|conditioner-parts,conditioner_parts,Категория и подкатегория не определены правилами.,,,
ДВ-00685,Комплект трубок кондиционера Веста,,,0,MANUAL_REVIEW,no_match|conditioner_parts|conditioner-parts,conditioner_parts,Категория и подкатегория не определены правилами.,,,
К-00030,Шайба вентилятора ВАЗ 01-07,,,0,MANUAL_REVIEW,no_match|washers|washers,washers,Категория и подкатегория не определены правилами.,,,
К-00612,Набор пистонов Шеви Нива 2123,,,0,MANUAL_REVIEW,no_match|body_clips|body-clips,body_clips,Категория и подкатегория не определены правилами.,,,
КР-00334,Печка в сборе 2108,,,0,MANUAL_REVIEW,no_match|heater_parts|heater-parts,heater_parts,Категория и подкатегория не определены правилами.,,,
ОК-00102,Кронштейн передней опоры,,,0,MANUAL_REVIEW,no_match|other|other,other,Категория и подкатегория не определены правилами.,,,
ДВ-00603,Трубка пластмассовая Лада-Гранта 2190,,,0,MANUAL_REVIEW,no_match|hoses|hoses,hoses,Категория и подкатегория не определены правилами.,,,
ХСГ-00261,Стремянки Зил задн.,,,0,MANUAL_REVIEW,no_match|other|other,other,Категория и подкатегория не определены правилами.,,,
ХСГ-01180,Бак масляный ГУР МАЗ,,,0,MANUAL_REVIEW,no_match|other|other,other,Категория и подкатегория не определены правилами.,,,
КГ-00041,Гайка М10 шаг 1.5 простая,,,0,MANUAL_REVIEW,no_match|nuts|nuts,nuts,Категория и подкатегория не определены правилами.,,,
КГ-00330,"Болт М20*160*1,5 башмака балансира",,,0,MANUAL_REVIEW,no_match|bolts|bolts,bolts,Категория и подкатегория не определены правилами.,,,
КГ-00347,Болт М16*60*1.5 буксиров уст-ва,,,0,MANUAL_REVIEW,no_match|bolts|bolts,bolts,Категория и подкатегория не определены правилами.,,,
КГ-00348,Болт М16*55*1.5 буксиров уст-ва,,,0,MANUAL_REVIEW,no_match|bolts|bolts,bolts,Категория и подкатегория не определены правилами.,,,
КГ-00361,Болт М14*75*1.5 чашки дифф-ла,,,0,MANUAL_REVIEW,no_match|bolts|bolts,bolts,Категория и подкатегория не определены правилами.,,,
КГ-00372,Болт М14*32*1.5 буксирного устр-ва,,,0,MANUAL_REVIEW,no_match|bolts|bolts,bolts,Категория и подкатегория не определены правилами.,,,
КГ-00538,Гайка М10*1.5 глухая,,,0,MANUAL_REVIEW,no_match|nuts|nuts,nuts,Категория и подкатегория не определены правилами.,,,
КГ-00567,Гайка М12х1.75 мед.,,,0,MANUAL_REVIEW,no_match|nuts|nuts,nuts,Категория и подкатегория не определены правилами.,,,
КГ-01045,Гайка М12х1.25 с нейл.,,,0,MANUAL_REVIEW,no_match|nuts|nuts,nuts,Категория и подкатегория не определены правилами.,,,
КГ-01071,Гайка М12х1.5 с нейл.,,,0,MANUAL_REVIEW,no_match|nuts|nuts,nuts,Категория и подкатегория не определены правилами.,,,
КГ-01174,"Гайка М16х1,5 нейл.",,,0,MANUAL_REVIEW,no_match|nuts|nuts,nuts,Категория и подкатегория не определены правилами.,,,
КГ-01238,Гайка М12*35*1.75 удлиняющ.,,,0,MANUAL_REVIEW,no_match|nuts|nuts,nuts,Категория и подкатегория не определены правилами.,,,
КГ-01383,"Гайка М14х1,5 с нейлоном",,,0,MANUAL_REVIEW,no_match|nuts|nuts,nuts,Категория и подкатегория не определены правилами.,,,
РГ-00271,Рем.к-т приемной трубы УАЗ дв. УМЗ,,,0,MANUAL_REVIEW,no_match|other|other,other,Категория и подкатегория не определены правилами.,,,
КГ-00021,Болт сапун,,,0,MANUAL_REVIEW,no_match|bolts|bolts,bolts,Категория и подкатегория не определены правилами.,,,
КГ-00192,Болт М12*50*1.5 (10.9),,,0,MANUAL_REVIEW,no_match|bolts|bolts,bolts,Категория и подкатегория не определены правилами.,,,
КГ-00293,Болт М14*65*1.5,,,0,MANUAL_REVIEW,no_match|bolts|bolts,bolts,Категория и подкатегория не определены правилами.,,,
КГ-00336,Болт М8*12*1.25,,,0,MANUAL_REVIEW,no_match|bolts|bolts,bolts,Категория и подкатегория не определены правилами.,,,
КГ-00339,Болт М18*40*1.5,,,0,MANUAL_REVIEW,no_match|bolts|bolts,bolts,Категория и подкатегория не определены правилами.,,,
КГ-00345,Болт М16*90*1.5,,,0,MANUAL_REVIEW,no_match|bolts|bolts,bolts,Категория и подкатегория не определены правилами.,,,
КГ-00552,Болт М12*115*1.75,,,0,MANUAL_REVIEW,no_match|bolts|bolts,bolts,Категория и подкатегория не определены правилами.,,,
КГ-00661,"Болт М20*120*2,5",,,0,MANUAL_REVIEW,no_match|bolts|bolts,bolts,Категория и подкатегория не определены правилами.,,,
КГ-00662,Болт М20*125*2,,,0,MANUAL_REVIEW,no_match|bolts|bolts,bolts,Категория и подкатегория не определены правилами.,,,
КГ-00663,Болт М20*130*2,,,0,MANUAL_REVIEW,no_match|bolts|bolts,bolts,Категория и подкатегория не определены правилами.,,,
КГ-00664,Болт М20*140*2,,,0,MANUAL_REVIEW,no_match|bolts|bolts,bolts,Категория и подкатегория не определены правилами.,,,
КГ-00665,Болт М20*50*2,,,0,MANUAL_REVIEW,no_match|bolts|bolts,bolts,Категория и подкатегория не определены правилами.,,,
КГ-00666,Болт М20*55*2,,,0,MANUAL_REVIEW,no_match|bolts|bolts,bolts,Категория и подкатегория не определены правилами.,,,
КГ-00667,Болт М20*60*2,,,0,MANUAL_REVIEW,no_match|bolts|bolts,bolts,Категория и подкатегория не определены правилами.,,,
КГ-00668,Болт М20*80*2,,,0,MANUAL_REVIEW,no_match|bolts|bolts,bolts,Категория и подкатегория не определены правилами.,,,
КГ-00670,Болт М20*95*2,,,0,MANUAL_REVIEW,no_match|bolts|bolts,bolts,Категория и подкатегория не определены правилами.,,,
КГ-00692,Болт М14х30х1.5,,,0,MANUAL_REVIEW,no_match|bolts|bolts,bolts,Категория и подкатегория не определены правилами.,,,
КГ-00695,Болт М10х32х1.5,,,0,MANUAL_REVIEW,no_match|bolts|bolts,bolts,Категория и подкатегория не определены правилами.,,,
КГ-00698,Болт М12*65*1.5 (10.9),,,0,MANUAL_REVIEW,no_match|bolts|bolts,bolts,Категория и подкатегория не определены правилами.,,,
КГ-00750,Болт М16х30х1.5,,,0,MANUAL_REVIEW,no_match|bolts|bolts,bolts,Категория и подкатегория не определены правилами.,,,
