family,status,count,examples
Прочие товары: универсальные метизы,AUTO_READY,570,"ЗЧМ-00361 Болт балки Москвич (к-т 4 шт.) | ЗЧМ-00416 Болт развала 2141 | ЗЧМ-00524 Гайка шпилек гол. блока Москвич | ЗЧМ-00588 Болт крышки в/очистителя 2141 | ИН-00740 258-943 Болт системы выпуска Nissan, Lo"
Прочие товары: универсальные фитинги и соединители,AUTO_READY,214,"А-00176 Адаптер ""Samsung"" USB (оригинал) | А-01725 Переходник с 220V на USB | Г-00029 Тройник КАМАЗ Евро | ЗЧМ-00062 Тройник патрубков Москвич | ЗЧМ-00103 Муфта 3, 4-ой передачи 2140 (пустая)"
Прочие товары: универсальные хомуты и держатели,AUTO_READY,119,"А-00370 Скоба д.16 | А-01774 Скоба троса 12 мм | А-01775 Скоба троса 15 мм | ИН-00307 107 219 685 Хомут 54,5мм | ИН-00310 107 222 685 Хомут 59, 5 мм"
Прочие товары: универсальные фитинги и соединители,GROUP_REVIEW,95,А-01893 Кольца простав. динамиков 16 см | А-01897 Кольца для динамиков 16 обшитые | ЗЧМ-00436 Флянец эластичной муфты 2126 | ЗЧМ-00629 Кольцо гильз Москвич 1.7 (к-т 4 шт) | ИН-00288 29752F [N90765301] кольцо уплотнит. сист
Прочие товары: универсальные фитинги и соединители,BLOCKED_CONFLICT,58,"КГ-01086 Соединитель шлангов Г-образный метал. д.1 | РДГ-00065 Тройник ручки УАЗ | ИН-00171 Штуцер прокачки М6*1*29 (AUDI,BMW,SAABVW) | ИН-00172 Штуцер прокачки М6*1*38 (AUDI,SUBARU,VW) | ИН-00173 Штуцер прокачки М8*1*32 (FORD,MAZDA)"
Прочие товары: универсальные хомуты и держатели,BLOCKED_CONFLICT,37,КГ-00739 Скоба троса газа 402 дв. | ЗЧМ-00507 Хомут приёмной трубы (Святогор) | К-00351 Скоба троса газа 2123 (стопорная) | К-00470 Скоба крышки бака 2101-07 | К-00675 Набор крепления фар 2101-06
Прочие товары: универсальные метизы,BLOCKED_CONFLICT,31,"К-00341 Болт салазки сиденья 2110 | КГ-00601 Шпилька приемной трубы ЗИЛ-130 | ДВ-00289 Кольцо стопорное d47,5 гайки трубы картер | ЗЧМ-00346 Шпильки колес Москвич | ЗЧМ-00347 Гайки колес Москвич"
Прочие товары: универсальные метизы,GROUP_REVIEW,23,К-00625 Набор реактивных болтов 2101-07 | ХСГ-00009 Футорка без гайки ГАЗ-ЗИЛ | А-00154 Заглушки болтов (20 шт) | ЗЧМ-00590 Набор болтов развала 2141 | К-00004 Гайка. М 6 самоконтрящая ВАЗ
Прочие товары: универсальные хомуты и держатели,GROUP_REVIEW,20,"К-00669 Набор крепления кронштейна растяжки 2108-0 | ОК-00109 Втулка скобы | А-02305 Рулетка 5мх19мм обрезиненный корпус (3 фиксатора, зацеп с магнитом) AVS | ЗЧМ-00378 Ремкомплект фиксаторов 2141 | ИН-00693 Пистон крепления эмблемы Рено № 924"
