groupId,label,count,target,confidence,homogeneity,reviewSampleSize,riskFlags,examples,outliers
pneumatic_line_fittings|pneumatic_fittings|соединитель-шлангов|tormoznaya-sistema|prochaya-tormoznaya-sistema,Пневмофитинги и соединители шлангов,38,tormoznaya-sistema/prochaya-tormoznaya-sistema,0.92,1,12,near_threshold_or_close_candidate,КГ-01086 Соединитель шлангов Г-образный метал. д.1 | КГ-00675 Соединитель шлангов метал 14х14 | КГ-01075 Соединитель шлангов прямой метал. д.14 | КГ-01076 Соединитель шлангов прямой метал. д.16 | КГ-01077 Соединитель шлангов прямой метал. д.18 | КГ-01078 Соединитель шлангов прямой метал. д.20 | КГ-01079 Соединитель шлангов тройник метал. д.14 | КГ-01080 Соединитель шлангов тройник метал. д.16,КГ-01330 Соединитель шлангов угол 16х16 ключ 19
engine_valves|other|клапан|dvigatel-i-transmissiya|detali-dvigatelya,Детали двигателя,36,dvigatel-i-transmissiya/detali-dvigatelya,0.8867,1,12,,"ДВ-00757 К-т клапанов выпускных 2108-1007012-01-Ч ЧАМЗ немагнит. | ДВ-00009 Втулки клапанные SM 2101-07 | ДВ-00010 Втулки клапанные SM 2108 | ДВ-00042 Регулятор клапанов 2101-07 | ДВ-00047 Втулки клапанные 2101-08 (1 шт) | ДВ-00314 Клапан 2108 выпуск. (Луганск) | ДВ-00368 Клапан выпускной АМР 2101-07, за 1 шт | ДВ-00369 Клапан выпускной АМР 2108-09, за 1 шт",
wiper|other|стеклооч|aksessuary|prochie-aksessuary,Стеклоочистители,28,aksessuary/prochie-aksessuary,0.912,1,12,,"ЗЧМ-00138 Мотор стеклоочистителя 2141 | ЗЧМ-00611 Мотор стеклоочистителя 2140-412 | ИН-00214 Трапеция стеклоочистителя Дэу-Нексиа | А-00350 Лента стеклоочистителя ХОРС 54см | А-00532 Лента стеклоочистителя ХОРС 36см | А-00879 Лента стеклоочистителя ""Хорс"" 61 см | А-01342 Лента стеклоочистителя ""Хорс"" 51, 61 см | А-01994 Лента щёток стеклоочист. в блистере 71 см, к-т 2 шт, профиль ""БОШ""",
active_neighbor|clamps|active-neighbor-100|dvigatel-i-transmissiya|vyhlopnaya-sistema,Похожие активные товары,26,dvigatel-i-transmissiya/vyhlopnaya-sistema,0.94,1,12,,"ИН-00307 107 219 685 Хомут 54,5мм | ИН-00310 107 222 685 Хомут 59, 5 мм | ИН-00306 102 754 685 Хомут 54,5 мм | ИН-00308 107 220 685 Хомут 59,5мм | ИН-00309 107 221 685 Хомут 49,5 мм | КГ-00821 Хомут гл. (стремянка) 58 мм ""Bosal"" | КГ-00854 Хомут силовой 68-73 мм (25 мм) HD-18 | КГ-00897 Хомут силовой 51-55 мм (20мм) (Т) HD-14 T",
exhaust|other|гофра|dvigatel-i-transmissiya|vyhlopnaya-sistema,Выхлопная система,24,dvigatel-i-transmissiya/vyhlopnaya-sistema,0.89,1,12,,Г-00155 Гофра ф22 | Г-00255 Гофра ремонтная | Г-00414 Гофра 40х330 | Г-00509 Гофра ф38 | Г-00554 Гофра 60*100 3х-слойн.серии 311.InterLock | Г-00555 Гофра 60*150 3х-слойн.серии 311.InterLock | Г-00556 Гофра 60*200 3х-слойн.серии 311.InterLock | Г-00557 Гофра 60*250 3х-слойн.серии 311.InterLock,
pneumatic_line_fittings|fittings|соединитель|tormoznaya-sistema|prochaya-tormoznaya-sistema,Пневмофитинги и соединители шлангов,21,tormoznaya-sistema/prochaya-tormoznaya-sistema,0.8646,1,12,,ДВ-00723 Соединитель воздушных шлангов 2107 инж. | ДВ-00724 Соединитель воздушных шлангов 21214 инж. | ИН-00689 06.301AL Труба соединительная DAEWOO NE | КГ-00757 Соединитель латунный д.6 | КГ-00758 Соединитель латунный д.8 | КГ-00759 Соединитель латунный д.10 | КГ-00760 Соединитель латунный д.12 | КГ-00761 Соединитель латунный д.14,
active_neighbor|fittings|active-neighbor-100|tormoznaya-sistema|prochaya-tormoznaya-sistema,Похожие активные товары,21,tormoznaya-sistema/prochaya-tormoznaya-sistema,0.94,1,12,,КГ-00647 Быстросъем для пневм. трубок Ф6 | КГ-00412 Соединитель трубок ПВХ М8/м10/м12 | КГ-00563 Фитинг соединитель прям. Ф-15 мм | КГ-00564 Фитинг соединитель прям. Ф-16 мм | КГ-00871 Фитинг латунь ЕВРО 12х8 прямой | КГ-00872 Фитинг 12х6 прямой ЕВРО латунь | КГ-00873 Фитинг 16х6 прямой ЕВРО латунь | КГ-00874 Фитинг 16х12 прямой ЕВРО латунь,
exhaust_hardware|other|приемной-трубы|dvigatel-i-transmissiya|vyhlopnaya-sistema,Метизы и хомуты выхлопной системы,18,dvigatel-i-transmissiya/vyhlopnaya-sistema,0.912,1,8,,ОК-00061 Прижим приемной трубы | РГ-00127 Ремкомплект приемной трубы ГАЗ-53 | РГ-00274 Рем.к-т приемной трубы УАЗ-469 | Г-00158 Флянец приемной трубы Бычок | ИН-01075 К-т приемной трубы Рено (8 кл.) | ИН-01076 К-т приемной трубы Рено Дастер (16 кл.) | К-00192 Стопор гаек приёмной трубы ВАЗ | К-00486 Рем.к-т приемной трубы 2112 с катализат.,
misc_accessories|other|пленка|aksessuary|prochie-aksessuary,Прочие аксессуары,18,aksessuary/prochie-aksessuary,0.85,1,8,,"А-00401 Пленка тонирующая с переходом | А-01574 MTF Пленка PREMIUM 0,5м | А-01575 MTF Пленка PREMIUM 0,75м | А-02109 Плёнка тонирров. MTF 1мх3м | А-02137 TOR Маскировочная пленка 1100ммх33мм с клеящей лентой (стат. эффект) | А-00010 Плёнка с переходом 75 см | А-00097 Плёнка тонирующая | А-00277 Пленка тонирующая 5%, 0,5 м MTF (Корея)",
washer_reservoir|other|бачок-омывателя|kuzov-i-optika|kuzovnye-detali,Бачки омывателя,17,kuzov-i-optika/kuzovnye-detali,0.912,1,8,,"ДВ-00129 Бачок омывателя 2101-07 | ДВ-00226 Бачок омывателя двойной пустой ВАЗ | А-00663 Бачок омывателя зад. Нива, 2104, Ока | ДВ-00059 Бачок омывателя 2101 (пустой) | ДВ-00220 Бачок омывателя 2108 | ДВ-00252 Бачок омывателя 21214 | ДВ-00279 Бачок омывателя 21213 | ДВ-00333 Бачок омывателя 2110",
wheel_caps|other|колпаки|aksessuary|shiny-i-diski,Колпаки колес,17,aksessuary/shiny-i-diski,0.9049,1,8,,"А-01083 Колпаки декоративные малые ВАЗ (1 шт) | А-00785 Колпаки хромированные д.15 | А-01052 Колпаки Каррера плюс 13/14 | А-01325 Колпаки Рено д.15,14 (1 шт) | А-00784 Колпаки хромированные д.16 ЛЕМАНС | А-01410 Колпаки ""Леманс"" 13,14 | А-01973 Колпаки МИГ БЕЛЫЙ (Газель) 16(10), 4 шт | А-01013 Колпаки Наскар Золотой 13",
pneumatic_line_fittings|pneumatic_fittings|наружная-резьба|tormoznaya-sistema|prochaya-tormoznaya-sistema,Пневмофитинги и соединители шлангов,16,tormoznaya-sistema/prochaya-tormoznaya-sistema,0.902,1,8,,"КГ-01176 Фурнитура наружная резьба D=6 М 20*1.5 0759 | КГ-01097 Фурнитура D6 М10Х1 наружная резьба | КГ-01175 Фурнитура наружная резьба D=6 М 8*1 0796 | КГ-01177 Фурнитура наружная резьба D=8 М8*1 | КГ-01178 Фурнитура наружная резьба D=8 М 12*1,25 | КГ-01179 Фурнитура наружная резьба D=8 М 16*1,5 | КГ-01180 Фурнитура наружная резьба D=8 М 20*1,5 0760 | КГ-01181 Фурнитура наружная резьба D=8 М 22*1,5",
electrical_misc|other|компьютер|elektrika|prochaya-elektrika,Прочая электрика,16,elektrika/prochaya-elektrika,0.85,1,8,,"А-00161 Компьютер ""Штат"" 2110 (голосовой) | А-00585 Компьютер 2115 (говорящий) | А-00759 Компьютер 2115 | А-01051 Компьютер ШТАТ н/о 2107 | А-00205 Компьютер маршрутный 2110 ""Штат"" мультидис | А-00283 Компьютер ""Штат"" 5К-21 Нива | А-00308 Компьютер ""Штат Х1"" 2110,Самара-2, Калина, | А-00531 Компьютер для 406 дв.",
accessory_electronics|other|автомагнитола|aksessuary|prochie-aksessuary,Автоэлектроника и устройства,15,aksessuary/prochie-aksessuary,0.89,1,8,,"А-00694 Автомагнитола AM Eplutus СА310, СА313 | А-01270 Автомагнитола ""УРАЛ"" 280 24V | А-01272 Автомагнитола ""SWAT"" 212 | А-01544 Автомагнитола ""Carlive"" | А-02312 Автомагнитола мультимедиа Factory F-1-10 | А-00443 Автомагнитола МОК-4041 | А-00647 Автомагнитола ""Eplutus"" СА902 | А-01271 Автомагнитола CarLive А6 (10)",
accessory_electronics|other|видеорегистратор|aksessuary|prochie-aksessuary,Автоэлектроника и устройства,15,aksessuary/prochie-aksessuary,0.89,1,8,,А-01226 Видеорегистратор 2 камеры DVR | А-01451 Видеорегистратор EPLUTUS 931 | А-01148 Видеорегистратор XPX P40 Pro | А-01166 Видеорегистратор | А-01167 Видеорегистратор 930 | А-01219 Видеорегистратор EPLUTUS 030 | А-01294 Видеорегистратор XPX P20 Pro | А-01450 Видеорегистратор DUR 300 2 камеры,
interior|other|накладка|kuzov-i-optika|elementy-salona,Элементы салона,15,kuzov-i-optika/elementy-salona,0.85,1,8,near_threshold_or_close_candidate,А-00439 Накладка кулисы 2101-07 | А-00509 Накладка потолка 2105-07 | ЗЧМ-00241 Накладка поводка 2141 Москвич | ЗЧМ-00358 Накладка с пепельницой 2141 | КР-00439 Накладка центральная Приора | А-00261 Накладка заднего замка 2109 | А-00431 Накладка тоннеля 2121 | А-00584 Накладка люка б/бака,А-00439 Накладка кулисы 2101-07
active_neighbor|fittings|active-neighbor-82|tormoznaya-sistema|prochaya-tormoznaya-sistema,Похожие активные товары,14,tormoznaya-sistema/prochaya-tormoznaya-sistema,0.9391,1,8,,КГ-00927 Фитинг 22х12 с наружной резьбой | КГ-00926 Фитинг 22х10 с наружной резьбой | КГ-00928 Фитинг 22х8 с наружной резьбой | КГ-00929 Фитинг 12х12 с наружной резьбой | КГ-00930 Фитинг 16х6 с наружной резьбой | КГ-00931 Фитинг 16х12 с наружной резьбой | КГ-00932 Фитинг 12х10 с наружной резьбой | КГ-00933 Фитинг 10х12 с наружной резьбой,
wheel_fasteners|nuts|гайка-колес|aksessuary|shiny-i-diski,"Колёсные болты, гайки и шпильки",13,aksessuary/shiny-i-diski,0.912,1,8,near_threshold_or_close_candidate,ЗЧМ-00041 Гайка колес Москвич 2140 | К-00108 Гайка колёс Нива | К-00408 Гайка колес Нива (удлиненная) | К-00657 Гайка колес М12Х1.5 высокая (никель) | КГ-00028 Гайка колес Газель-Бычок | КГ-00144 Гайка колёс Таврия | КГ-00464 Гайка колес КАМАЗ | КГ-00650 Гайка колес УАЗ 14х1.5 ключ 19,КГ-00650 Гайка колес УАЗ 14х1.5 ключ 19
adhesive_tapes|adhesive_tapes|скотч|aksessuary|prochie-aksessuary,Скотч и клейкие ленты,13,aksessuary/prochie-aksessuary,0.8424,1,8,,"А-00214 Скотч ""Боди"" 25 мм | А-00219 Скотч ""Боди"" 38 мм | А-00886 Скотч 2-х сторонний ""ЗМ"" (9 мм) | А-01103 ""ЗМ"" Скотч 2-х сторон. 15 мм | А-02104 TOP CAR Скотч 38 мм/40м | А-00461 Скотч 50 мм | А-00973 Скотч ""3М"" (9 мм, 33 м) | А-02245 Скотч 150 мм",
car_fragrances|fragrances|дезодорант|aksessuary|prochie-aksessuary,Ароматизаторы и дезодоранты,12,aksessuary/prochie-aksessuary,0.8567,1,8,near_threshold_or_close_candidate,"А-00266 Дезодорант ""Кубики"" | А-00773 Дезодорант гелевый (вентилятор) | А-00917 Дезодорант гелевый (животные) | А-00977 Дезодорант ""Елочка"" (большая) | А-01107 Дезодорант в баночке Органика | А-01424 Дезодорант автомобильный | А-01434 Дезодорант под сиденье | А-01655 Дезодорант ""DIFFEREN""",А-01434 Дезодорант под сиденье
body_air_intakes|other|воздухозаборник|kuzov-i-optika|kuzovnye-detali,Кузовные воздухозаборники,12,kuzov-i-optika/kuzovnye-detali,0.8767,1,8,,"А-00623 Воздухозаборник Нива | А-01290 Воздухозаборник Нива н/о хром | А-00483 Воздухозаборник ОКА | А-00793 Воздухозаборник Нива, 2106 | А-01493 Воздухозаборник Нива черный, белый | А-01919 Воздухозаборник 2110 (тюнинг) наклад. | А-02341 Воздухозаборник Нива-Легенда 21214 | КГ-00239 Воздухозаборник УАЗ",
steering_wheel_covers|steering_wheel_covers|оплетка|aksessuary|prochie-aksessuary,Оплетки руля,11,aksessuary/prochie-aksessuary,0.9073,1,8,,"А-02324 Оплётка для перетяжки руля ""АвтоПрофи"" | А-01612 Оплетка (натуральный мех) | А-01823 Оплётка 48 см | А-02099 Оплётка Гранта | А-02100 Оплётка Солярис, Рио | А-01481 Оплётка ""HR"" Израиль | А-01615 Оплетка ""DAKAR"" HR | А-01649 Оплётка PSV",
body_small_exterior|other|жабо|kuzov-i-optika|kuzovnye-detali,Малые кузовные элементы,10,kuzov-i-optika/kuzovnye-detali,0.8912,1,8,,КР-00348 Жабо ВАЗ 2108 (за 2 шт) | ИН-01127 Жабо Рено Дастер | А-01112 Жабо 2115 | А-02228 Жабо 2170 Приора | ИН-01128 Жабо Рено Логан | К-00947 Набор жабо 1118 | К-00948 Набор жабо 2110 | К-00949 Набор жабо 2170,
exhaust_hardware|studs|коллектор|dvigatel-i-transmissiya|vyhlopnaya-sistema,Метизы и хомуты выхлопной системы,10,dvigatel-i-transmissiya/vyhlopnaya-sistema,0.872,1,8,,КГ-00598 Шпилька коллектора ЗИЛ-130 короткая | КГ-00599 Шпилька коллектора ЗИЛ-130 длин. | ЗЧМ-00373 Шпилька коллектора Москвич 8 шаг 1.0 | К-00489 Шпилька коллектора М6*30 2108 | К-00559 Шпилька М10*25 вып. коллектора 21103 | К-00712 Шпилька М10*25 вып. коллектора 21103 | КГ-00032 Шпилька коллектора ГАЗ | КГ-00034 Шпилька коллектора ГАЗ,
electrical_misc|other|переключатель|elektrika|prochaya-elektrika,Прочая электрика,10,elektrika/prochaya-elektrika,0.85,1,8,,ИН-00881 Переключатель | ЗЧМ-00296 Центральный переключатель света Москвич | ИН-00185 Переключатель света центр. Ланос | ИН-00197 Переключатель света Дэу-Нексиа | ИН-00734 Переключатель поворотов Ланос | ИН-00787 Переключатель поворотов Рено Логан | ИН-01022 Переключатель поворотов Рено-Логан н. об | ИН-01518 Переключатель подрул. свет. сигнал Renault Logan (-14) без ПТФ,
steering_wheels|steering_wheels|руль|kuzov-i-optika|kuzovnye-detali,Рули и рулевые колеса,10,kuzov-i-optika/kuzovnye-detali,0.82,1,8,,"А-00390 Руль кожа-дерево | А-00123 Руль (кожа) | А-00227 Руль Лада | А-00405 Руль (цветной) | А-00490 Руль Нива-Тайга 2107 | А-00491 Руль ""Вираж"" | А-00648 Руль ""Вираж"" (нов. обр.) | А-01054 Накладки на руль",
headlight|other|фары|kuzov-i-optika|fary,Фары,10,kuzov-i-optika/fary,0.9,1,8,near_threshold_or_close_candidate,"А-00472 Накладка под фары 2110 (2 шт) | А-02291 Фары 2115 (тюнинг), 2 шт | ИН-00702 Фары пр.21511В7RLEMN2,лев.21511В7LLEMN2 | ИН-00735 Кожух крышки фары Chevrolet | О-00645 Фары тракторные (рефленые) | О-00672 Фары тракторные средние | О-00673 Фары тракторные большие | К-00677 Набор крепления фары ВАЗ 2104, 2105, 2107",А-00472 Накладка под фары 2110 (2 шт) | ИН-00735 Кожух крышки фары Chevrolet | О-00038 Ободок фары УАЗ
exhaust|other|пламегаситель|dvigatel-i-transmissiya|vyhlopnaya-sistema,Выхлопная система,9,dvigatel-i-transmissiya/vyhlopnaya-sistema,0.89,1,8,,"Г-00599 Пламегаситель стронгер 45*400 с перфор.-диффузором ""CBD"" STAL113 | Г-00633 Пламегаситель коллекторный диссипативный D=57х110мм L=100мм CBD510.010 | Г-00600 Пламегаситель стронгер 45*550 с перфор.-диффузором ""CBD"" STAL114 | Г-00601 Пламегаситель стронгер 50*300 с перфор.-диффузором ""CBD"" STAL115 | Г-00602 Пламегаситель стронгер 50*400 с перфор.-диффузором ""CBD"" STAL116 | Г-00603 Пламегаситель стронгер 50*550 с перфор.-диффузором ""CBD"" STAL117 | Г-00604 Стронгер пламегаситель жаброобразный 76х50мм L=400мм STAL101 | Г-00621 Пламегаситель коллекторный диссилативный UNIVERSAL D=57х100 мм L=100мм CBD510.003",
engine_valves|caps_plugs|клапан|dvigatel-i-transmissiya|detali-dvigatelya,Детали двигателя,9,dvigatel-i-transmissiya/detali-dvigatelya,0.916,1,8,,"ЗЧМ-00601 Крышка клапанная Таврия | ДВ-00124 Крышка клапанная 2101 | ДВ-00259 Крышка клапанов 2105 | ДВ-00261 Крышка клапанная 2108 | ДВ-00439 Крышка клапанов Нива 21214 | ДВ-00447 Крышка клапанов 2108 инжектор | ДВ-00498 Крышка клапанная 16 кл. дв. ВАЗ | ДВ-00551 Крышка клапанов 2107инжектор, Нива 21214",
copper_brake_tubes|brake_tubes|трубки-медные|tormoznaya-sistema|tormoznye-trubki,Медные тормозные трубки,9,tormoznaya-sistema/tormoznye-trubki,0.9233,1,8,,"ИН-00517 Трубки медные д.5 для иномарок 50 см | ИН-00518 Трубки медные д.5 для иномарок 75 см | ИН-00519 Трубки медные д.5 для иномарок 100 см | ИН-00520 Трубки медные д.5 для иномарок 125 см | ИН-00521 Трубки медные д.5 для иномарок 150 см | ИН-00522 Трубки медные д.5 для иномарок 175 см | ИН-00523 Трубки медные д.5 для иномарок 200 см | ИН-00999 Трубки медные для иномарок д. 3,5м",
engine_fasteners|bolts|маховик|dvigatel-i-transmissiya|detali-dvigatelya,Метизы и малые детали двигателя,9,dvigatel-i-transmissiya/detali-dvigatelya,0.8653,1,8,,К-00838 Шайба под болты маховика 2101 | КГ-00084 Гайка болта маховика ГАЗ-2410 | КГ-00022 Болт маховика УАЗ | КГ-00053 Болт крепления маховика Зил-130 | КГ-00165 Болт крепления маховика УАЗ (нов. обр.) к | КГ-00363 Болт М14*64*1.25 маховика | КГ-00475 Болт М10*45*1.25 маховика 406 дв. | КГ-00578 Болт крепления маховика Бычок,
heater_cooling_parts|heater_parts|печки|dvigatel-i-transmissiya|ohlazhdenie,Печка и отопитель,9,dvigatel-i-transmissiya/ohlazhdenie,0.852,1,8,,"РГ-00321 Рем. к-т печки Газель | К-00057 Скоба печки ВАЗ 01-07 | К-00321 Тяжка печки 2108 | К-00443 Скоба крепления печки 2108 | КР-00034 Комплект трубок печки Нива (2 шт) завод | КР-00252 Тросы печки 2114 (к-т) | КР-00312 Тросы печки 21083 (к-т, 3 шт) | КР-00640 К-т трубок печки Ларгус (к-т из 2-х шт)",
oil_pan_plugs|caps_plugs|пробка-поддона|dvigatel-i-transmissiya|detali-dvigatelya,Пробки поддона,9,dvigatel-i-transmissiya/detali-dvigatelya,0.912,1,8,,"ЗЧМ-00057 Пробка поддона Москвич | ИН-00725 21096F Пробка поддона Ford Mondeo/Focus | ИН-00803 6564F Пробка поддона BMW универсальная | КГ-00018 Пробка поддона Волга | КГ-00245 Пробка поддона 406 дв. | КГ-00694 Пробка поддона слив. (дв. 406) ремонтная | КГ-00900 Пробка поддона Газель ЕВРО-3 | КГ-01151 Пробка поддона слив. (дв. 405,409) ЕВРО-3",
wiring|other|разъем|elektrika|provodka,Проводка,9,elektrika/provodka,0.87,1,8,,А-01899 Диагностический разъём с Bluetooth (ОВД) | А-01900 Диагностический разъём с Wi-Fi (ОВД) | А-01926 Разъём диагностический BLUETOO ELM 327 | А-02222 Диагностический разъём Exposer Wi-Fi 327 | А-02243 Диагностический разъём ELM 327 (EXPOSER) | ИН-01421 Разъём-переходник KIA HY-01 | КГ-01107 Разъём кузовной д.27 | КГ-01290 Разъём кузовной д. 20,
body_glass|other|стекла|kuzov-i-optika|stekla,Стекла,9,kuzov-i-optika/stekla,0.877,1,8,near_threshold_or_close_candidate,ЗЧМ-00645 Уплотнитель зад. стекла 2141 | ЗЧМ-00422 Уплотнитель лобового стекла 2141 без зам | ЗЧМ-00599 Уплотнитель лобового стекла Таврия | А-01985 Накладка зад. стекла 2101-07 | А-00095 Плёнка лобового стекла | А-00577 Обогрев заднего стекла | ДВ-00187 Обдув лобового стекла 2105-07 | КР-00105 Замок лоб. стекла 2101-07,А-01985 Накладка зад. стекла 2101-07 | А-00095 Плёнка лобового стекла | ДВ-00187 Обдув лобового стекла 2105-07 | КР-00373 Накладка лобового стекла 2110 лев./прав.
fuel_system|other|форсунки|dvigatel-i-transmissiya|toplivnaya-sistema,Топливная система,9,dvigatel-i-transmissiya/toplivnaya-sistema,0.87,1,8,,"Р-00074 Форсунки КАМАЗ | РГ-00225 Рем.к-т стакана форсунки | ДВ-00158 Форсунки Гранта н. обр. № 21127 | ДВ-00309 Форсунки 2110 (1 шт) ""Сименс"" | ДВ-00484 Форсунки Калина | ДВ-00703 Скоба крепления форсунки Vesta, X-RAY 1,6 | ДВ-00704 Скоба крепления форсунки Vesta, X-RAY 1,8 | ИН-00237 Форсунки Рено-Логан",
interior|other|полка|kuzov-i-optika|elementy-salona,Элементы салона,9,kuzov-i-optika/elementy-salona,0.85,1,8,,А-00101 Полка зад. п 2104-08 | А-00102 Полка зад. п 2109 | А-01710 Полка аккустическая с опорами 2172 | А-01711 Полка аккустическая 2108-09 | А-00379 Полка зад. 21099 | А-00645 Полка под бардачок 2105-06 | А-00670 Полка акустическая 2170 | А-01647 Полка аккустическая 2105-07 с коробами,
car_audio|other|автоколонки|aksessuary|prochie-aksessuary,Автоаудио,8,aksessuary/prochie-aksessuary,0.89,1,8,,А-01279 Автоколонки SWAT А 69 | А-01485 Автоколонки CARLIVE 16 | А-02087 Автоколонки 6975 | А-02088 Автоколонки 6995 | А-02372 Автоколонки д.10 | А-02089 Автоколонки 1695 | А-02090 Автоколонки Kenwood 6956 | А-02278 Автоколонки Eplutus ES-500,
pneumatic_line_fittings|fittings|быстросъемное|tormoznaya-sistema|prochaya-tormoznaya-sistema,Пневмофитинги и соединители шлангов,8,tormoznaya-sistema/prochaya-tormoznaya-sistema,0.877,1,8,,К-00861 Кольцо стопорное для вал. ф4 быстросъёмное | К-00862 Кольцо стопорное для вал. ф5 быстросъёмное | К-00864 Кольцо стопорное для вал. ф8 быстросъёмное | К-00865 Кольцо стопорное для вал. ф10 быстросъёмное | К-00866 Кольцо стопорное для вал. ф12 быстросъёмное | К-00867 Кольцо стопорное для вал. ф15 быстросъёмное | К-00871 Кольцо стопорное для вал. ф2 быстросъёмное | К-00872 Кольцо стопорное для вал. ф3 быстросъёмное,
pneumatic_line_fittings|fittings|соединитель-труб|tormoznaya-sistema|prochaya-tormoznaya-sistema,Пневмофитинги и соединители шлангов,8,tormoznaya-sistema/prochaya-tormoznaya-sistema,0.914,1,8,,КР-00575 Соединитель труб под хомут СВД TRS4545 | КР-00576 Соединитель труб под хомут СВД TRS4550 | КР-00577 Соединитель труб под хомут СВД TRS5050 | КР-00578 Соединитель труб под хомут СВД TRS5055 | КР-00579 Соединитель труб под хомут СВД TRS5060 | КР-00580 Соединитель труб под хомут СВД TRS5555 | КР-00581 Соединитель труб под хомут СВД TRS5560 | КР-00582 Соединитель труб под хомут СВД TRS6060,
seat_covers|other|накидка|aksessuary|chehly,Чехлы и накидки сидений,8,aksessuary/chehly,0.8788,1,8,,"А-01689 HR Накидка на сидения ECO CORD | А-02097 Накидка 3D PREMIUM, 2 сидения | А-00378 Накидка массажная PSV плетёный бамбук | А-01312 Накидка меховая (искусств.) | А-02269 Накидка для собак на заднее сидение 160х130 | А-02425 Накидка массажная AVS М2410BP-BL (большая с поддержкой) шарики | А-01452 Накидка массажная AVS С119 шарики серая | А-01966 Накидка массажная PSV деревянные косточки бежевая, 1 шт",
interior|other|консоль|kuzov-i-optika|elementy-salona,Элементы салона,8,kuzov-i-optika/elementy-salona,0.85,1,8,,А-00014 Консоль 2106 | А-00288 Консоль Приора серебро | А-00687 Консоль Нива 21213 | А-00195 Консоль 2107 (пустая) | А-00724 Консоль 2105 | А-01210 Консоль Калина (пустая) | А-01641 Консоль Приора н/о | КР-00465 Консоль Приора 2170 пустая,
interior|seat_parts|сиденье|kuzov-i-optika|elementy-salona,Элементы салона,8,kuzov-i-optika/elementy-salona,0.85,1,8,,"А-00606 Сиденье 2105 | А-00900 Сиденье детское (9-36 кг) | А-00904 Сиденье детское (9-36 кг) | КР-00368 Сиденье 2107 перед. лев., прав. (за 1 шт) | КР-00369 Сиденье Нива 21213 перед. лев., пр.(1шт.) | КР-00370 Сиденье 2109 перед. лев., прав. (за 1 шт) | А-01115 Сиденье детское 15-36 кг | КР-00390 Сиденье перед. 2110 (за 1 шт)",
car_fragrances|fragrances|ароматизатор|aksessuary|prochie-aksessuary,Ароматизаторы и дезодоранты,7,aksessuary/prochie-aksessuary,0.86,1,7,,"А-00030 АРОМАТИЗАТОР ""Senso"" (регулируемый) | А-00032 Ароматизатор воздуха гелевый | А-00158 Ароматизатор ""Ёлочка"" | А-01415 АРОМАТИЗАТОР ""SLIM "" | А-01921 Ароматизатор CONTEX с дерев. крышечкой SEX | А-01960 Ароматизатор CONTEX спрей | А-02318 Ароматизатор CONTEX",
tow_ropes|other|трос|aksessuary|bezopasnost,Буксировочные тросы и стропы,7,aksessuary/bezopasnost,0.884,1,7,,"А-00143 Трос 15 т ленточный с петлями ""Новые технологии"" | А-01022 Трос 10т ( с крюками) | А-00471 Крюк для троса | А-02096 Трос 10 т 2 крюка | А-02132 Трос динамический 10 т | А-01422 Трос динамический 12т 6м | А-02133 Трос динамический 14 т",
tow_ropes|tow_hardware|скоба-такелажная|aksessuary|bezopasnost,Буксировочные тросы и стропы,7,aksessuary/bezopasnost,0.912,1,7,,КГ-01323 Скоба такелажная М 10 | КГ-01324 Скоба такелажная М 12 | КГ-01325 Скоба такелажная М 14 | КГ-01326 Скоба такелажная М 16 | КГ-01327 Скоба такелажная М 18 | КГ-01328 Скоба такелажная М 20 | КГ-01329 Скоба такелажная М 22,
driver_electronics|driver_electronics|антирадар|aksessuary|prochie-aksessuary,Водительская электроника,7,aksessuary/prochie-aksessuary,0.8751,1,7,,"А-00835 Антирадар ""SHO-ME"" | А-01196 Антирадар ""SHO-ME"" 530 | А-01374 Антирадар Cobra 845 | А-01009 Антирадар ""САВЕР 255"" | А-01326 Антирадар ""Кобра"" | А-01986 Антирадар ""Кармера GPS 330"" | А-01133 Антирадар ""Sho-мe"" №520 голосовой",
washing_sponges|washing_sponges|губка|aksessuary|prochie-aksessuary,Губки и расходники мойки,7,aksessuary/prochie-aksessuary,0.8474,1,7,,А-02411 Губка поролоновая крупнопористая AVS SP-11 кирпич 180х100х50мм | А-01860 РМ0972 Губка поролоновая крупнопористая 235х115х85мм | А-01946 Губка автомобильная крупнопористая AVS SP-17 | А-02265 GRASS Губка автомобильная крупнопористая | А-02148 Губка поролоновая AVS SP-12 двухслойная 170х108х53 мм | А-02246 Губка для ухода за пластиком AVS SPP-01 глянцевый эффект | А-02284 Губка поролоновая AVS SP-4 (рельса) в вакуум. упаковке,
reflectors|other|катафот|kuzov-i-optika|fonari,Катафоты и отражатели,7,kuzov-i-optika/fonari,0.86,1,7,,О-00549 Катафот оранжевый | А-00142 Катафот номера 2110 | А-00256 Катафот номера 3110 | А-00411 Катафот номера | А-01609 Катафот универсальный 2 шт | О-00094 Катафот - треугольник | О-00169 Катафот круглый,
wheel_fasteners|studs|колес|aksessuary|shiny-i-diski,"Колёсные болты, гайки и шпильки",7,aksessuary/shiny-i-diski,0.8874,1,7,,ИН-00930 0284-001 Шпилька колесная NISSAN | ИН-00954 94501745GM Шпилька колесная Daewoo Matiz | ИН-01598 MLS-116 Шпилька колёсная | КГ-00149 Шпилька колесная Соболь-2217 | КГ-00029 Шпилька колес Газель | КГ-00095 Шпилька с гайкой колес Таврия | КГ-00413 Шпилька колес задняя Валдай (за 1 шт),
suspension_hardware|bolts|балк|podveska|prochaya-podveska,Метизы и малые детали подвески,7,podveska/prochaya-podveska,0.852,1,7,,"ЗЧМ-00361 Болт балки Москвич (к-т 4 шт.) | К-00081 Болт балки ВАЗ 01-07 | К-00114 Болт крепления балки 01-07 | К-00386 Болт задней балки 2108-09 М12х91 | К-00534 Болт М12*118*1,25 с фланцем балки VESTA | КГ-00092 Болт крепления балки к лонж.ГАЗ 14х134х1, | КГ-00308 Болт М10*70*1 балки ГАЗ 31105",
active_neighbor|other|active-neighbor-75|kuzov-i-optika|kuzovnye-detali,Похожие активные товары,7,kuzov-i-optika/kuzovnye-detali,0.935,1,7,,"А-00410 Кожух руля 2106 | Г-00653 Усил. задней панели 21213 | А-00315 Кожух руля 2108 | А-00316 Кожух руля 2105, 2107, Нива | А-00751 Кожух руля 2110 | А-00932 Кожух руля ""Калина"" | А-01181 Кожух руля 2110 с/о",
fuel_system|other|трубки-топливные|dvigatel-i-transmissiya|toplivnaya-sistema,Топливная система,7,dvigatel-i-transmissiya/toplivnaya-sistema,0.91,1,7,,ДВ-00588 Трубки топливные Нива 2131 (к-т 2 шт) | ДВ-00591 Трубки топливные Гранта 2190 (к-т 2 шт) | ДВ-00460 Трубки топливные магистральные 2108 | ДВ-00461 Трубки топливные 2108 дв. 16 (за 1 шт) | ДВ-00462 Трубки топливные 2110 дв. 1.6 (за 1 шт) | ДВ-00463 Трубки топливные 2104-07 инжектор | ДВ-00590 Трубки топливные Нива 21214 инж. (к-т 2 ш,
fuel_system|other|топливн|dvigatel-i-transmissiya|toplivnaya-sistema,Топливная система,7,dvigatel-i-transmissiya/toplivnaya-sistema,0.87,1,7,,"КГ-00533 Шайбы топливные д.10 | А-01663 UKC Индикатор качества топливной смеси | ДВ-00292 К-т топливных трубок 2101-07 | ДВ-00397 Комплект топливных трубок 2110, Нива | ДВ-00426 Комплект топливных трубок 2110 корот. | ДВ-00602 К-т топливных трубок Лада-Гранта | КГ-00479 Шайбы топливные д.14",
throttle_cables|other|трос|dvigatel-i-transmissiya|toplivnaya-sistema,Тросы газа,7,dvigatel-i-transmissiya/toplivnaya-sistema,0.8777,1,7,,К-00326 Стопор троса газа 2108 | ДВ-00151 Трос подсоса ВАЗ 2101-07 | ДВ-00152 Трос подсоса ВАЗ 2108-09 | ЗЧМ-00200 Трос подсоса 2141 | ЗЧМ-00624 Трос подсоса Таврия | ЗЧМ-00641 Трос подсоса ЗАЗ | К-00327 Стопор троса подсоса 2101-08,
fuel_management|other|адсорбер|dvigatel-i-transmissiya|toplivnaya-sistema,Узлы топливной системы,7,dvigatel-i-transmissiya/toplivnaya-sistema,0.86,1,7,,ДВ-00257 Адсорбер Приора н.обр. | ДВ-00404 Адсорбер Калина | ДВ-00456 Адсорбер Приора 2170 | ДВ-00555 Адсорбер ВАЗ 2114-2115 | ДВ-00666 Адсорбер Лада Веста | КР-00540 Кронштейн адсорбера 2110 | КР-00541 Кронштейн адсорбера 21082,
interior|other|обшивка|kuzov-i-optika|elementy-salona,Элементы салона,7,kuzov-i-optika/elementy-salona,0.85,1,7,,"А-00474 Обшивка салона 2108 (к-т) | КР-00003 Задняя обшивка стоек ВАЗ 2108 (1 к-т, 2 ш | КР-00326 Обшивка пола Нива (средняя) | А-00371 Обшивка крыши 2101-07,2104,Нива | А-00539 Обшивка-треугольник 2106 | КР-00302 Обшивка задняя Нива 21213 (к-т 2 шт) | КР-00303 Обшивка перед. Нива 21213 (2 шт)",
driver_electronics|driver_electronics|алкотестер|aksessuary|prochie-aksessuary,Водительская электроника,6,aksessuary/prochie-aksessuary,0.87,1,6,,А-01028 Алкотестер | А-01032 Алкотестер 3000 | А-02143 Алкотестер 6000 | А-02193 Алкотестер AD 2600 | А-00430 Алкотестер 002 | А-00654 Алкотестер,
engine_valves|bolts|клапан|dvigatel-i-transmissiya|detali-dvigatelya,Детали двигателя,6,dvigatel-i-transmissiya/detali-dvigatelya,0.889,1,6,,К-00100 Болт крышки клапанов 2108-09 | К-00249 Болт к/клапанов 2108 | К-00693 Болт к/клапанов ВАЗ 16 кл. в сборе | КГ-00031 Болт регулировки клапанов | КГ-01295 Болт регулировки клапанов Камминс | КГ-00791 Винт самонарез. крышки клапан. УАЗ (дв.40,
electrical_tape|other|изолента|elektrika|provodka,Изолента и электромонтажные ленты,6,elektrika/provodka,0.87,1,6,,"А-00170 Изолента | А-00240 Изолента черная х/б | А-00253 Изолента | А-00591 Изолента ""NOVA ROL"" | А-01904 Изолента салонная (противошум) | А-02059 Изолента ""NEOMATEC""",
spring_hardware|nuts|стремян|podveska|ressory,Метизы и втулки рессор,6,podveska/ressory,0.872,1,6,,"КГ-00019 Гайка стремянок Газель | КГ-00321 Гайка задних стремянок ЗИЛ-130 | КГ-00323 Гайка задних стремянок ЗИЛ-130 | КГ-00392 Гайка М24*1.5 стремянки зад. ресс. Камаз | КГ-00633 Гайка М30х2 стремянки задней МАЗ,КАМАЗ-65 | КГ-00648 Гайка зад. стремянки Зил-130 22х1,5",
suspension_hardware|bolts|болт-развала|podveska|prochaya-podveska,Метизы и малые детали подвески,6,podveska/prochaya-podveska,0.892,1,6,,ЗЧМ-00416 Болт развала 2141 | К-00193 Болт развала 2108 | К-00097 Болт развала 2108-09 | КГ-00036 Болт развала Волга | КГ-00061 Болт развала Волга | КГ-01334 Болт развала Газель NEXT в сб.,
suspension_hardware|bolts|подвеск|podveska|prochaya-podveska,Метизы и малые детали подвески,6,podveska/prochaya-podveska,0.852,1,6,,"К-00368 Болт М10 крепления подвески 2110 | К-00515 Болт М8х22 фланцевой подвески 2110 | К-00695 Болт М12*110 подвески 2121 | КГ-00334 Болт М20*50*1.5 Задн. подвески | КГ-01008 Болт М20*75*1,5 (10,9) баланс. подвески М | КГ-01207 8006 Болт М12*170*1.25 перед. подвески ЗИЛ",
exhaust_hardware|nuts|приемной-трубы|dvigatel-i-transmissiya|vyhlopnaya-sistema,Метизы и хомуты выхлопной системы,6,dvigatel-i-transmissiya/vyhlopnaya-sistema,0.912,1,6,,"К-00015 Гайка М 8 д. приёмной трубы ВАЗ 01-08 | К-00305 Гайка приемной трубы на 2110 | К-00923 Гайка М8*1,25 приёмной трубы с буртиком ""Веста"", ""Ларгус"" | КГ-00016 Гайка приемной трубы Волга | КГ-00069 Гайка приемной трубы ГАЗ | КГ-00784 Гайка М10*1.25 приемной трубы КАМАЗ (лату",
cooling|other|диффузор|dvigatel-i-transmissiya|ohlazhdenie,Охлаждение,6,dvigatel-i-transmissiya/ohlazhdenie,0.86,1,6,,Г-00665 Стронгер с перфорированным диффузором CBD. STAL112 | ДВ-00134 Диффузор 2110 | ДВ-00135 Диффузор 2108 | ДВ-00168 Диффузор 2106 | ДВ-00319 Кронштейн диффузора Нива | КР-00351 Диффузор Нива (внешний),
pneumatic_line_fittings|fittings|фитинг-соединитель|tormoznaya-sistema|prochaya-tormoznaya-sistema,Пневмофитинги и соединители шлангов,6,tormoznaya-sistema/prochaya-tormoznaya-sistema,0.89,1,6,,КГ-01108 Фитинг-соединитель прям. комб. 6*8 | КГ-01109 Фитинг-соединитель прям. комб. 8*10 | КГ-01110 Фитинг-соединитель прям. комб. 10*12 | КГ-01162 Фитинг-соединитель прям. комб. 4*6 PR-0064 | КГ-01163 Фитинг-соединитель прям. комб. 12*14 | КГ-01164 Фитинг-соединитель прям. комб. 14*16,
wiring|hoses|разъем|elektrika|provodka,Проводка,6,elektrika/provodka,0.87,1,6,,КГ-00119 Разъём для шланга елка Т-образный 6мм | КГ-01254 Разъём для шланга елка Х-образный 6мм АТ | КГ-01255 Разъём для шланга елка Х-образный 10мм АТ | КГ-01256 Разъём для шланга ёлка Y-образный 6 мм АТ | КГ-01257 Разъём для шланга елка Y-образный 8мм АТ | КГ-01258 Разъём для шланга ёлка Y-образный 10 мм АТ,
misc_accessories|other|прицепное|aksessuary|prochie-aksessuary,Прочие аксессуары,6,aksessuary/prochie-aksessuary,0.85,1,6,,"Г-00138 Прицепное Газель 3302/2705 | Г-00142 Прицепное УАЗ | Г-00178 Прицепное Газель цельн. металл | Г-00096 Прицепное ВАЗ 2110, 2111, 2112 универсал | Г-00213 Прицепное УАЗ-Хантер | Г-00221 Прицепное Калина",
sound_insulation|other|шумоизоляция|kuzov-i-optika|kuzovnye-detali,Шумоизоляция,6,kuzov-i-optika/kuzovnye-detali,0.88,1,6,,"А-00140 Шумоизоляция черная 3 кв. м | А-00393 Шумоизоляция ВАЗ 01 (заводская) | А-00562 Шумоизоляция (черная) | А-01600 Шумоизоляция ""Волна"" | А-01749 Шумоизоляция 4 мм, 1 кв.м | А-01750 Шумоизоляция ИЗОЛОН 8 мм, 1 кв.м",
interior|other|полка-задняя|kuzov-i-optika|elementy-salona,Элементы салона,6,kuzov-i-optika/elementy-salona,0.89,1,6,,А-00487 Полка задняя 2101-07 пластмасса | А-00028 Полка задняя Нива | А-00587 Полка задняя 2101-07 | А-00725 Полка задняя 2101-07 | А-00837 Полка задняя акустическая | А-01635 Полка задняя аккустическая Лада-Гранта,
interior|other|пепельница|kuzov-i-optika|elementy-salona,Элементы салона,6,kuzov-i-optika/elementy-salona,0.85,1,6,,КР-00260 Пепельница 2105 | ОК-00212 Пепельница ОКА | А-00236 Пепельница ВАЗ | А-00551 Пепельница 2107 | А-00552 Пепельница 2105-06-09 | А-01229 Пепельница-стакан,
legacy_kuzov-i-optika_emblemy|other|знак|kuzov-i-optika|emblemy,Эмблемы,6,kuzov-i-optika/emblemy,0.82,1,6,,"А-01068 Знак ""Учебная машина"" с подсветкой | А-01828 Знак ""Ш"" ГОСТ наруж. (20*20) на присоске | А-00550 Дублирующий номер знака | А-00934 Дублирующий знак ""Регион"" | А-01265 Знак ""Тихоходная техника"" | А-02225 Знак Рено большой",
car_audio|other|колонки|aksessuary|prochie-aksessuary,Автоаудио,5,aksessuary/prochie-aksessuary,0.85,1,5,,"А-00489 Колонки PIONEER 1320 | А-01302 Колонки д.10 ""FV"", 2 шт | А-01303 Колонки SOUNDMAX 6х9 | А-01505 Колонки ""Кенвуд"" 1355 | А-00741 Колонки ""FV"" 16 см",
car_audio|other|динамик|aksessuary|prochie-aksessuary,Автоаудио,5,aksessuary/prochie-aksessuary,0.85,1,5,near_threshold_or_close_candidate,"Р-00107 К-т проставок динамиков, 2 шт | А-00459 Накладка динамиков 2108 (правая) | А-00506 Накладка динамика 2107 | А-00898 Накладка динамика 2109 (левая) | А-01891 Сетка для динамиков (2 шт)",А-00459 Накладка динамиков 2108 (правая) | А-00506 Накладка динамика 2107 | А-00898 Накладка динамика 2109 (левая)
document_accessories|document_accessories|автодокументы|aksessuary|organayzery,Автодокументы и футляры,5,aksessuary/organayzery,0.8696,1,5,,"А-00909 Автодокументы, паспорт, кошелек (кожа) | А-01044 Автодокументы с паспортом | А-00415 Автодокументы | А-00563 Автодокументы | А-01285 Автодокументы",
timing_kit|other|ролик|dvigatel-i-transmissiya|remni,ГРМ и ролики,5,dvigatel-i-transmissiya/remni,0.91,1,5,,"ИН-01259 Ролик ремня приводного HYUNDAI SOLARIS | ПС-00089 Ролики Приора 2170 малые, к-т | ПС-00136 Ролик нат. Лада-Гранта автомат | ДВ-00234 Ролик цепи ВАЗ нов. обр. | ДВ-00572 Кронштейн натяжного ролика в сборе Калина",
engine_valves|washers|клапан|dvigatel-i-transmissiya|detali-dvigatelya,Детали двигателя,5,dvigatel-i-transmissiya/detali-dvigatelya,0.891,1,5,,ДВ-00169 Шайба регулировки клапанов 2108 (д. до 0. | К-00201 Шайба регулировки клапанов 2108 | К-00376 Шайба к/клапанной 2101-07 (1 шт) | КГ-00184 Шайба крышки клапанной Волга | КГ-00812 Шайба клапанной крышки ГАЗ дв.406,
tools|fittings|ключ|aksessuary|instrumenty,Инструменты,5,aksessuary/instrumenty,0.88,1,5,,КГ-00224 Штуцер - тройник 24 ключ | КГ-00765 Штуцер-соединитель угловой под 22 ключ | КГ-00766 Штуцер-соединитель угловой под 24 ключ | КГ-00767 Штуцер-соединитель угловой под 27 ключ | КГ-00768 Штуцер-соединитель угловой под 32 ключ,
wheel_fasteners|bolts|колес|aksessuary|shiny-i-diski,"Колёсные болты, гайки и шпильки",5,aksessuary/shiny-i-diski,0.912,1,5,,КГ-00968 К-т болтов колёс 12х1.5 черн. | КР-00408 Болт крепления запасного колеса 2104 | КР-00409 Болт крепления запасного колеса 2108 | КР-00410 Болт крепления запасного колеса 2110 | КР-00411 Болт крепления запасного колеса 2121,
comfort_accessories|other|массаж-р|aksessuary|prochie-aksessuary,Комфортные аксессуары салона,5,aksessuary/prochie-aksessuary,0.8844,1,5,,"А-00201 Массажер (бамбук) в/спинка | А-00265 Массажёр | А-02320 Массажер (коричневый) 1 шт | А-00396 Массажер (импорт.) | А-01125 Массажер для поясницы ""Дельта""",
